source_customer_id,first_name,last_name,email,phone,dob,gender,is_active
1,Isaac,Bakshi,isaac.bakshi1@gmail.com,+916107420369,1995-12-22,Female,True
2,Anvi,Konda,anvi.konda2@outlook.com,+919163119785,1960-09-12,Male,True
3,Liam,Chaudry,liam.chaudry3@gmail.com,+918536146025,1991-07-24,Female,True
4,Gagan,Sami,gagan.sami4@gmail.com,+916939042955,1947-09-03,Male,True
5,Ayushman,Chander,ayushman.chander5@gmail.com,+918410529190,1960-05-22,Male,True
6,Viraj,Tiwari,viraj.tiwari6@hotmail.com,+916946785248,1986-06-24,Female,True
7,Avi,Issac,avi.issac7@gmail.com,+919259052811,1994-03-27,Male,True
8,Oni,Kannan,oni.kannan8@yahoo.com,+917193448329,1976-01-30,Male,True
9,Arunima,Ahuja,arunima.ahuja9@yahoo.com,+916438989805,1997-02-23,Male,True
10,Nathaniel,Sami,nathaniel.sami10@yahoo.com,+919639960595,1968-08-30,Female,True
11,Arunima,Dugal,arunima.dugal11@gmail.com,+919134174160,1960-02-29,Female,True
12,Gayathri,Chaudry,gayathri.chaudry12@hotmail.com,+916338444264,1951-10-28,Female,True
13,Lajita,Chatterjee,lajita.chatterjee13@yahoo.com,+918479708607,1969-12-09,Male,True
14,Hemangini,Lalla,hemangini.lalla14@gmail.com,+918840104345,2000-06-08,Male,True
15,Caleb,Sharaf,caleb.sharaf15@gmail.com,+919673561638,1982-01-01,Male,True
16,Jeet,Radhakrishnan,jeet.radhakrishnan16@hotmail.com,+917193887545,1950-11-15,Female,True
17,Chaaya,Pathak,chaaya.pathak17@yahoo.com,+916698594025,1984-10-19,Female,True
18,Rehaan,Boase,rehaan.boase18@yahoo.com,+919014295294,1948-08-17,Male,True
19,Vedant,Mann,vedant.mann19@outlook.com,+918294113287,1950-12-10,Male,True
20,Viraj,Chaudhuri,viraj.chaudhuri20@hotmail.com,+917159417075,1971-05-19,Male,True
21,Arunima,Setty,arunima.setty21@gmail.com,+916983753977,1988-10-08,Male,True
22,Janya,Gaba,janya.gaba22@hotmail.com,+917149938334,1970-09-13,Male,True
23,Isha,Kadakia,isha.kadakia23@yahoo.com,+916913224047,1991-02-12,Female,True
24,Amara,Bora,amara.bora24@hotmail.com,+916613628803,1986-12-18,Female,True
25,Onveer,Walla,onveer.walla25@yahoo.com,+919208399878,1995-02-16,Female,True
26,Yash,Gade,yash.gade26@hotmail.com,+917554762903,1976-12-19,Male,False
27,Ladli,Madan,ladli.madan27@outlook.com,+918188398760,2008-06-25,Female,True
28,Theodore,Nair,theodore.nair28@gmail.com,+919698408854,2002-11-13,Male,True
29,Daksh,Karnik,daksh.karnik29@outlook.com,+919401954956,2001-06-08,Female,True
30,Azad,Mutti,azad.mutti30@hotmail.com,+917639042338,1972-10-23,Female,True
31,Amrita,Bhatti,amrita.bhatti31@gmail.com,+918921794983,1959-11-14,Male,True
32,Divya,Kala,divya.kala32@yahoo.com,+919301106403,1990-02-11,Female,True
33,Xalak,Randhawa,xalak.randhawa33@hotmail.com,+916679282378,2005-09-17,Female,True
34,Tara,Dhar,tara.dhar34@yahoo.com,+918150000991,1963-07-15,Male,True
35,Liam,Koshy,liam.koshy35@gmail.com,+919738848790,1996-03-16,Female,True
36,Adya,Sangha,adya.sangha36@outlook.com,+916656439677,2006-08-10,Female,True
37,Mohini,Pathak,mohini.pathak37@gmail.com,+918572447412,1960-06-08,Female,True
38,Lakshit,Upadhyay,lakshit.upadhyay38@gmail.com,+919990448177,1979-02-04,Female,True
39,Gavin,Batta,gavin.batta39@yahoo.com,+917028439863,2004-02-09,Male,True
40,Imaran,Dua,imaran.dua40@gmail.com,+916367878761,1988-03-17,Female,True
41,Nathaniel,Sami,nathaniel.sami41@outlook.com,+916551437149,1986-02-04,Female,True
42,Devansh,Rajan,devansh.rajan42@outlook.com,+917138409539,1971-06-25,Female,False
43,Upadhriti,Wadhwa,upadhriti.wadhwa43@outlook.com,+919062092518,1962-08-14,Female,True
44,Advay,Contractor,advay.contractor44@yahoo.com,+917881625505,1991-11-26,Female,True
45,Amara,Oak,amara.oak45@outlook.com,+916274989148,1953-02-06,Female,True
46,Chaaya,Saran,chaaya.saran46@outlook.com,+918527331058,1956-04-10,Male,True
47,Sudiksha,Aggarwal,sudiksha.aggarwal47@gmail.com,+916983297492,1994-08-25,Male,True
48,Adya,Tella,adya.tella48@yahoo.com,+916304330003,1997-05-12,Male,True
49,Pranav,Tripathi,pranav.tripathi49@hotmail.com,+916920140090,2007-08-13,Male,True
50,Hitesh,Misra,hitesh.misra50@hotmail.com,+917043665192,2002-10-14,Female,True
51,Yashica,Issac,yashica.issac51@outlook.com,+916405126228,1955-11-29,Male,True
52,Kashvi,Edwin,kashvi.edwin52@yahoo.com,+917819256337,1982-03-20,Female,True
53,Aadi,Naik,aadi.naik53@gmail.com,+918892078691,1978-10-05,Male,True
54,Anirudh,Choudhury,anirudh.choudhury54@yahoo.com,+919438518641,1970-03-18,Male,True
55,Damyanti,Khatri,damyanti.khatri55@outlook.com,+918303329764,1949-06-14,Female,True
56,Wridesh,Brar,wridesh.brar56@outlook.com,+917196342297,1951-05-04,Female,True
57,Vedika,Biswas,vedika.biswas57@gmail.com,+917903232052,1997-04-08,Male,True
58,Jeremiah,Dave,jeremiah.dave58@gmail.com,+916400560567,1990-05-29,Male,True
59,Vaishnavi,Gandhi,vaishnavi.gandhi59@hotmail.com,+918067418686,1963-07-20,Male,True
60,Pallavi,Kakar,pallavi.kakar60@gmail.com,+916707111048,1982-03-18,Female,True
61,Sai,Muni,sai.muni61@hotmail.com,+917139038460,1972-08-30,Female,True
62,Kashvi,Sarma,kashvi.sarma62@hotmail.com,+916664847319,2006-09-24,Male,True
63,Zansi,Seth,zansi.seth63@gmail.com,+918487560384,1953-09-29,Male,True
64,Yug,Kar,yug.kar64@gmail.com,+916215359682,1949-11-13,Female,True
65,Hamsini,Bail,hamsini.bail65@outlook.com,+916244295904,1985-07-18,Male,True
66,Victor,Kannan,victor.kannan66@gmail.com,+918555656321,1945-12-31,Male,True
67,Ekavir,Bhargava,ekavir.bhargava67@outlook.com,+917734202799,1961-02-02,Male,True
68,Ekansh,Balay,ekansh.balay68@outlook.com,+918486438403,2004-01-04,Male,True
69,Ganga,Bobal,ganga.bobal69@hotmail.com,+918823396242,1980-07-01,Female,True
70,Wazir,Mallick,wazir.mallick70@outlook.com,+918876451163,1991-01-13,Female,True
71,Vedika,Kala,vedika.kala71@hotmail.com,+916562117925,1982-03-16,Female,True
72,Kevin,Solanki,kevin.solanki72@gmail.com,+916040009587,1962-01-17,Female,True
73,Urvashi,Ray,urvashi.ray73@gmail.com,+916314652384,1958-06-20,Male,True
74,Girindra,Chatterjee,girindra.chatterjee74@outlook.com,+917498981529,1990-05-10,Male,True
75,Raagini,Pandya,raagini.pandya75@yahoo.com,+917224011538,1974-05-03,Male,True
76,Nirja,Sibal,nirja.sibal76@yahoo.com,+918627135980,2004-04-17,Male,True
77,Chatura,Chaudhari,chatura.chaudhari77@yahoo.com,+918849232839,1949-08-20,Male,True
78,Neha,Nori,neha.nori78@outlook.com,+917135872495,1999-12-28,Male,True
79,Ikbal,Kothari,ikbal.kothari79@outlook.com,+917169726681,1958-07-19,Female,True
80,Ranveer,Yadav,ranveer.yadav80@yahoo.com,+916874443787,1976-01-15,Female,True
81,Logan,Sami,logan.sami81@yahoo.com,+919888390599,1957-12-30,Male,True
82,Arya,Shere,arya.shere82@hotmail.com,+919562022940,1962-07-05,Female,True
83,Faqid,Savant,faqid.savant83@yahoo.com,+919311931853,2000-06-30,Male,True
84,Guneet,Bedi,guneet.bedi84@yahoo.com,+916693989311,1989-11-21,Female,True
85,Alexander,Chander,alexander.chander85@hotmail.com,+918409076656,1996-10-15,Male,True
86,Warjas,Ganesan,warjas.ganesan86@outlook.com,+918343292475,1973-03-02,Male,True
87,Vedika,Srivastava,vedika.srivastava87@outlook.com,+917845919895,1960-01-21,Male,True
88,Nandini,Bhargava,nandini.bhargava88@yahoo.com,+919861096073,1956-09-18,Male,True
89,Ladli,Agate,ladli.agate89@outlook.com,+918929454134,1972-01-29,Male,True
90,Alka,Sha,alka.sha90@yahoo.com,+919350573756,1964-12-02,Female,False
91,Pallavi,Sur,pallavi.sur91@outlook.com,+919976125337,1956-01-17,Male,True
92,Ranveer,Minhas,ranveer.minhas92@outlook.com,+919785653776,1960-04-28,Female,True
93,Dalbir,Bhat,dalbir.bhat93@yahoo.com,+919360324392,1996-05-30,Female,True
94,Dipta,Bhandari,dipta.bhandari94@outlook.com,+917145921803,1948-12-03,Male,True
95,Vansha,Thakkar,vansha.thakkar95@gmail.com,+917643004186,2008-01-28,Male,True
96,Nakul,Bhandari,nakul.bhandari96@outlook.com,+916857158768,1980-01-26,Female,True
97,Faris,Grewal,faris.grewal97@outlook.com,+916957449367,1950-03-05,Male,True
98,Ekansh,Keer,ekansh.keer98@hotmail.com,+917409874348,1972-12-26,Female,True
99,Jagdish,Koshy,jagdish.koshy99@yahoo.com,+917508161137,1984-11-27,Female,True
100,Balveer,Bumb,balveer.bumb100@yahoo.com,+916118543408,1974-01-14,Male,True
101,Diya,Lal,diya.lal101@yahoo.com,+916766942939,1959-05-30,Female,True
102,Dipta,Khare,dipta.khare102@hotmail.com,+917484714820,1963-08-02,Female,True
103,Meghana,Deep,meghana.deep103@gmail.com,+917654401763,1991-03-21,Male,True
104,Charita,Shankar,charita.shankar104@hotmail.com,+916007263971,1967-01-10,Male,True
105,Elijah,Andra,elijah.andra105@gmail.com,+918852879124,1976-09-11,Female,True
106,Harish,Borah,harish.borah106@gmail.com,+919091320992,1982-02-04,Female,True
107,Tanay,Toor,tanay.toor107@hotmail.com,+917400944900,1963-07-23,Female,True
108,Kevin,Palla,kevin.palla108@outlook.com,+916823946934,2005-06-14,Female,True
109,Ekapad,Konda,ekapad.konda109@hotmail.com,+918909058412,1970-08-28,Male,True
110,Bhavani,Dugar,bhavani.dugar110@yahoo.com,+917744079573,1975-05-01,Male,True
111,Chasmum,Wadhwa,chasmum.wadhwa111@outlook.com,+917846355528,1946-01-16,Female,True
112,Chandani,Chawla,chandani.chawla112@hotmail.com,+918901796894,2005-04-07,Male,True
113,Krish,Lalla,krish.lalla113@outlook.com,+918829742424,1953-05-13,Male,True
114,Hredhaan,Dugal,hredhaan.dugal114@yahoo.com,+916401094954,1964-01-17,Male,True
115,Baghyawati,Kade,baghyawati.kade115@outlook.com,+919464161270,1994-05-06,Male,True
116,Hemal,Jani,hemal.jani116@gmail.com,+917051590706,1992-04-17,Female,True
117,Aishani,Tiwari,aishani.tiwari117@gmail.com,+917955997540,1978-10-03,Female,True
118,Zayan,Behl,zayan.behl118@outlook.com,+919085272193,1951-10-17,Female,True
119,Pallavi,Malhotra,pallavi.malhotra119@outlook.com,+916633814084,1948-07-05,Male,True
120,Aarush,Nath,aarush.nath120@gmail.com,+919343290201,1997-12-26,Female,True
121,Kalpit,Lala,kalpit.lala121@hotmail.com,+916215686308,1956-07-04,Male,True
122,Riya,Sane,riya.sane122@gmail.com,+917960488639,1983-09-06,Male,True
123,Aditya,Choudhury,aditya.choudhury123@yahoo.com,+919243774098,1950-08-19,Female,True
124,Manthan,Banik,manthan.banik124@hotmail.com,+919567267411,2002-04-21,Female,True
125,Kala,Divan,kala.divan125@hotmail.com,+917933034905,1974-10-04,Female,True
126,Joshua,Barman,joshua.barman126@yahoo.com,+919289144721,1966-06-27,Female,True
127,Janya,Baral,janya.baral127@yahoo.com,+917889238423,2006-09-06,Male,True
128,Ishita,Kade,ishita.kade128@outlook.com,+917167007513,1991-12-04,Female,True
129,Zaid,Chauhan,zaid.chauhan129@gmail.com,+916594312071,1969-07-30,Male,True
130,Niharika,Dubey,niharika.dubey130@outlook.com,+919034047118,2008-07-04,Male,True
131,Warjas,Gaba,warjas.gaba131@hotmail.com,+917421124738,1999-12-11,Female,True
132,Peter,Sachar,peter.sachar132@outlook.com,+919577240334,1947-03-14,Female,True
133,Praneel,Natarajan,praneel.natarajan133@gmail.com,+919679636056,1998-10-02,Female,True
134,Nisha,Kothari,nisha.kothari134@yahoo.com,+917282531582,1963-09-01,Female,True
135,Nathaniel,Chokshi,nathaniel.chokshi135@hotmail.com,+918311639723,1971-07-18,Male,True
136,Balvan,Singhal,balvan.singhal136@yahoo.com,+917871901278,1960-08-24,Female,True
137,Ryan,Sharma,ryan.sharma137@yahoo.com,+918872790327,1969-04-21,Female,True
138,Dalaja,Kari,dalaja.kari138@hotmail.com,+919949401194,1960-09-05,Male,False
139,Arjun,Hans,arjun.hans139@gmail.com,+919895229819,1972-08-16,Female,True
140,Falguni,Mallick,falguni.mallick140@gmail.com,+916360551585,2004-04-30,Female,True
141,Ekaraj,Mallick,ekaraj.mallick141@hotmail.com,+916780520225,1969-05-28,Male,True
142,Yashodhara,Ratta,yashodhara.ratta142@yahoo.com,+916909074012,1991-10-02,Female,True
143,Garima,Bala,garima.bala143@hotmail.com,+917195103064,1953-05-11,Female,True
144,Advika,Gokhale,advika.gokhale144@gmail.com,+918019952485,1985-01-07,Male,True
145,Alka,Barad,alka.barad145@gmail.com,+917503068227,1952-11-20,Male,True
146,Radha,Pai,radha.pai146@gmail.com,+919239406957,1995-02-02,Male,True
147,Dipta,Sarin,dipta.sarin147@outlook.com,+919604460472,1986-10-06,Male,True
148,Yasti,D’Alia,yasti.d’alia148@outlook.com,+916542114964,1971-09-22,Female,True
149,Ranveer,Kumar,ranveer.kumar149@outlook.com,+917997305752,1948-07-13,Female,True
150,Rajata,Agarwal,rajata.agarwal150@outlook.com,+918602289301,1980-11-21,Male,True
151,Ronith,Patla,ronith.patla151@outlook.com,+917335901990,1974-11-10,Male,True
152,Ekaraj,Narayanan,ekaraj.narayanan152@yahoo.com,+918473028098,1987-12-01,Female,True
153,Dipta,Dash,dipta.dash153@outlook.com,+916326402374,1994-06-28,Male,True
154,Charita,Tripathi,charita.tripathi154@yahoo.com,+919651981656,1966-07-23,Male,True
155,Nilima,Narain,nilima.narain155@gmail.com,+917491228808,1972-11-22,Female,True
156,Chakrika,Datta,chakrika.datta156@gmail.com,+918173085046,1958-07-26,Female,True
157,Osha,Raghavan,osha.raghavan157@hotmail.com,+919531884396,1991-08-08,Female,True
158,Owen,Mitra,owen.mitra158@yahoo.com,+918729817240,1973-02-22,Female,True
159,Aadi,Modi,aadi.modi159@hotmail.com,+916756502473,1965-01-13,Female,True
160,Shivansh,Sani,shivansh.sani160@hotmail.com,+917996617659,1998-12-25,Female,True
161,Ekanta,Shroff,ekanta.shroff161@yahoo.com,+917384287616,1975-07-29,Male,True
162,Riya,Kala,riya.kala162@gmail.com,+917197987692,1980-04-18,Female,True
163,Urvashi,Gara,urvashi.gara163@hotmail.com,+918447485590,1990-05-06,Female,True
164,Frado,Mander,frado.mander164@hotmail.com,+919654814605,1980-08-02,Female,True
165,Gautami,Chander,gautami.chander165@outlook.com,+917523961606,2001-03-16,Female,True
166,Wahab,Mukherjee,wahab.mukherjee166@yahoo.com,+918387104291,1960-10-18,Male,True
167,Rushil,Din,rushil.din167@outlook.com,+916367704871,1947-03-05,Male,True
168,Chakradhar,Konda,chakradhar.konda168@hotmail.com,+918384463652,1977-11-04,Male,True
169,Elijah,Shah,elijah.shah169@hotmail.com,+917924895021,1973-09-17,Male,True
170,Robert,Rajagopalan,robert.rajagopalan170@outlook.com,+917736889606,1979-02-25,Male,True
171,Mugdha,Kohli,mugdha.kohli171@yahoo.com,+918032638323,1955-07-21,Female,True
172,Abdul,Chhabra,abdul.chhabra172@yahoo.com,+917511014697,1998-06-25,Female,True
173,Pavani,Kanda,pavani.kanda173@yahoo.com,+916990153355,1957-06-24,Male,True
174,Zarna,Shetty,zarna.shetty174@yahoo.com,+916513483708,1948-12-05,Male,True
175,Zaid,Dara,zaid.dara175@hotmail.com,+917187556862,1976-07-28,Female,False
176,Kiaan,Shetty,kiaan.shetty176@outlook.com,+917272368870,1990-12-09,Male,True
177,Edhitha,Savant,edhitha.savant177@yahoo.com,+916060766757,1987-03-15,Male,True
178,Yamini,Sandhu,yamini.sandhu178@gmail.com,+918376658660,2002-01-11,Female,True
179,Sanaya,Dutt,sanaya.dutt179@outlook.com,+918739629302,1996-02-12,Female,True
180,Vaishnavi,Sengupta,vaishnavi.sengupta180@gmail.com,+918465587067,1963-02-24,Female,True
181,Yug,Malhotra,yug.malhotra181@hotmail.com,+917463320861,1997-08-16,Male,False
182,Vedhika,Khare,vedhika.khare182@yahoo.com,+919701071948,1964-03-13,Female,True
183,Ria,Brahmbhatt,ria.brahmbhatt183@gmail.com,+917721025347,1994-01-25,Female,True
184,Bhavika,Keer,bhavika.keer184@gmail.com,+916651662547,1964-01-01,Male,True
185,Gautami,Nagarajan,gautami.nagarajan185@yahoo.com,+916365849190,2006-04-13,Male,True
186,Faris,Devi,faris.devi186@hotmail.com,+918604114475,1955-10-10,Male,True
187,Vihaan,Rajagopal,vihaan.rajagopal187@hotmail.com,+917934944879,1992-09-25,Female,True
188,Michael,Kala,michael.kala188@hotmail.com,+917311598149,1949-11-18,Male,True
189,Oeshi,Reddy,oeshi.reddy189@gmail.com,+919275930923,1968-01-11,Male,True
190,Unnati,Sagar,unnati.sagar190@yahoo.com,+918836517266,1949-09-30,Male,True
191,Samuel,Salvi,samuel.salvi191@outlook.com,+918370788647,1972-01-06,Male,True
192,Anmol,Rai,anmol.rai192@hotmail.com,+917934898666,1977-12-20,Female,True
193,Abeer,Pandey,abeer.pandey193@outlook.com,+917237401063,1965-10-31,Female,True
194,Madhavi,Saini,madhavi.saini194@hotmail.com,+916305714736,1982-02-19,Male,True
195,Thomas,Sura,thomas.sura195@outlook.com,+917825957977,1960-06-10,Male,True
196,Anjali,Sarin,anjali.sarin196@outlook.com,+919901597465,1978-07-23,Female,True
197,Ayush,Ramachandran,ayush.ramachandran197@gmail.com,+916256143439,1968-05-20,Male,True
198,Nidhi,Gandhi,nidhi.gandhi198@yahoo.com,+917886149718,2002-09-15,Male,True
199,Unni,Datta,unni.datta199@yahoo.com,+919005333281,1987-11-09,Female,True
200,Avi,Ramesh,avi.ramesh200@hotmail.com,+917880160025,1985-10-15,Male,True
201,Avi,Chacko,avi.chacko201@hotmail.com,+919154799197,1989-04-01,Female,True
202,Priya,Deshmukh,priya.deshmukh202@gmail.com,+916392245997,2004-07-01,Male,False
203,Triya,Gopal,triya.gopal203@gmail.com,+919284620817,1948-12-06,Female,True
204,Abha,Raghavan,abha.raghavan204@outlook.com,+918020785643,1967-10-15,Female,True
205,Siddharth,Sha,siddharth.sha205@outlook.com,+918513971584,1967-10-02,Female,True
206,Geetika,Raghavan,geetika.raghavan206@hotmail.com,+916391883149,1964-06-12,Female,True
207,Oviya,Krishnan,oviya.krishnan207@yahoo.com,+917378934717,2002-04-29,Male,True
208,Finn,Singhal,finn.singhal208@yahoo.com,+917768002206,1946-10-30,Female,True
209,Charles,Palla,charles.palla209@hotmail.com,+919494239516,1960-10-08,Male,True
210,Ekapad,Baria,ekapad.baria210@yahoo.com,+917084044802,1996-11-01,Female,True
211,Azaan,Kota,azaan.kota211@hotmail.com,+919714762680,1959-01-29,Male,True
212,Anmol,Dua,anmol.dua212@hotmail.com,+917774884818,1961-09-29,Male,True
213,Jonathan,Solanki,jonathan.solanki213@yahoo.com,+918674192109,1991-01-25,Female,True
214,Ishwar,Kamdar,ishwar.kamdar214@gmail.com,+916874275988,1977-02-26,Female,True
215,Aahana,Pillay,aahana.pillay215@yahoo.com,+917881694278,1956-12-05,Female,True
216,Ishwar,Gade,ishwar.gade216@outlook.com,+919048494026,1966-09-04,Male,True
217,Hritik,Bal,hritik.bal217@gmail.com,+918371901750,1966-09-27,Female,True
218,Keya,Ranganathan,keya.ranganathan218@gmail.com,+917981903597,1994-03-02,Male,True
219,Rushil,Borra,rushil.borra219@outlook.com,+918140506492,1985-10-20,Female,True
220,Xavier,Chaudry,xavier.chaudry220@yahoo.com,+917784517419,1992-12-14,Female,False
221,Charvi,Dara,charvi.dara221@outlook.com,+917961882949,1999-09-11,Male,True
222,Benjamin,Palan,benjamin.palan222@outlook.com,+919710967433,1981-10-06,Male,True
223,Priya,Prabhakar,priya.prabhakar223@hotmail.com,+917459753033,1950-03-15,Female,True
224,Yashawini,Om,yashawini.om224@yahoo.com,+919118365242,1946-05-16,Female,True
225,Osha,Suri,osha.suri225@hotmail.com,+919716265973,1952-09-10,Male,True
226,Rachita,Pathak,rachita.pathak226@hotmail.com,+917482296058,1988-10-05,Female,True
227,Tripti,Dua,tripti.dua227@hotmail.com,+917955690228,1975-02-23,Female,True
228,Patrick,Vig,patrick.vig228@outlook.com,+918455852189,1989-10-10,Female,True
229,Anamika,Yohannan,anamika.yohannan229@hotmail.com,+916187463722,1998-03-23,Female,True
230,Veda,Shroff,veda.shroff230@hotmail.com,+917658195603,1975-02-25,Male,True
231,Amrita,Naidu,amrita.naidu231@gmail.com,+916542223599,2003-06-21,Female,True
232,Yatan,Chadha,yatan.chadha232@hotmail.com,+916428258482,1964-06-28,Female,True
233,Shravya,Kohli,shravya.kohli233@outlook.com,+917760844750,1996-07-31,Male,True
234,Ucchal,Raghavan,ucchal.raghavan234@yahoo.com,+917454109425,1968-05-27,Female,True
235,Ayush,Talwar,ayush.talwar235@yahoo.com,+919660778145,2003-06-02,Female,False
236,Ekta,Gopal,ekta.gopal236@hotmail.com,+919746856528,1978-09-09,Male,True
237,Simon,Pant,simon.pant237@outlook.com,+918710815922,1999-10-21,Female,False
238,Aarna,Oak,aarna.oak238@gmail.com,+917863893256,1964-07-16,Male,True
239,Anya,Anne,anya.anne239@gmail.com,+917905584866,1980-08-31,Male,True
240,Rayaan,Chada,rayaan.chada240@gmail.com,+916197529702,1961-12-07,Female,True
241,Niharika,Suresh,niharika.suresh241@yahoo.com,+917539588337,1983-04-16,Female,True
242,Wridesh,Soni,wridesh.soni242@outlook.com,+918281341978,1989-06-19,Female,True
243,Vritti,Sem,vritti.sem243@outlook.com,+916730074215,1999-06-21,Male,True
244,Anay,Chander,anay.chander244@hotmail.com,+918661635754,1965-07-14,Male,True
245,Timothy,Ravel,timothy.ravel245@outlook.com,+916997241761,1992-08-02,Female,True
246,Yagnesh,Mohan,yagnesh.mohan246@hotmail.com,+917096619850,1990-09-10,Male,True
247,Jyoti,Solanki,jyoti.solanki247@hotmail.com,+919870665004,1983-03-05,Female,True
248,Hemangini,Sandal,hemangini.sandal248@outlook.com,+916317234448,1996-04-09,Female,True
249,Ganga,Pandey,ganga.pandey249@yahoo.com,+918744220825,1993-05-04,Female,True
250,Sudiksha,Madan,sudiksha.madan250@hotmail.com,+919630552730,1966-05-18,Female,True
251,Zayan,Kashyap,zayan.kashyap251@hotmail.com,+919665047890,1953-09-20,Female,True
252,Reyansh,Mutti,reyansh.mutti252@hotmail.com,+918456389272,1953-08-24,Female,True
253,Qasim,Handa,qasim.handa253@yahoo.com,+916094229853,1960-03-27,Female,True
254,Veda,Malhotra,veda.malhotra254@gmail.com,+919911070030,1994-10-26,Female,True
255,Barkha,Chaudhry,barkha.chaudhry255@yahoo.com,+919331782118,2002-03-04,Male,True
256,Rishi,Minhas,rishi.minhas256@yahoo.com,+916940617318,1960-12-28,Male,True
257,Jalsa,Gola,jalsa.gola257@outlook.com,+918698305085,1966-01-29,Male,True
258,Akshay,Walla,akshay.walla258@gmail.com,+917326856608,1954-02-15,Female,True
259,Anusha,Bath,anusha.bath259@yahoo.com,+919145461251,1949-03-22,Male,True
260,Brinda,Date,brinda.date260@yahoo.com,+917403247962,1988-12-01,Female,True
261,Vritti,Chauhan,vritti.chauhan261@outlook.com,+919378046814,2004-11-24,Female,True
262,Advik,Mane,advik.mane262@yahoo.com,+919566852761,1977-06-14,Male,True
263,Varenya,Sastry,varenya.sastry263@hotmail.com,+919463841709,1968-09-11,Female,True
264,Qarin,Behl,qarin.behl264@yahoo.com,+919454152476,1962-09-10,Male,True
265,Vanya,Comar,vanya.comar265@gmail.com,+916604546780,2001-06-15,Male,True
266,Dhruv,Rattan,dhruv.rattan266@hotmail.com,+919632444865,1978-12-22,Female,True
267,Ethan,Bera,ethan.bera267@hotmail.com,+916059780189,1955-11-02,Female,True
268,Manthan,Modi,manthan.modi268@hotmail.com,+917583063357,1951-04-23,Female,True
269,Yuvraj,Dani,yuvraj.dani269@yahoo.com,+916465342967,1983-06-27,Male,True
270,Omaja,Kara,omaja.kara270@yahoo.com,+919930994199,1998-04-18,Male,True
271,Lajita,Seshadri,lajita.seshadri271@hotmail.com,+919905790156,2007-05-02,Female,True
272,Saanvi,Mishra,saanvi.mishra272@gmail.com,+916600337712,2004-01-17,Male,True
273,Pushti,Mody,pushti.mody273@yahoo.com,+918115806625,1984-03-16,Male,True
274,Darpan,Chaudhary,darpan.chaudhary274@outlook.com,+917669221121,1997-05-31,Female,True
275,Sarthak,Kakar,sarthak.kakar275@hotmail.com,+918522607583,1963-07-09,Male,True
276,Finn,Dugar,finn.dugar276@gmail.com,+919580684522,1961-10-31,Female,True
277,Oscar,Borde,oscar.borde277@yahoo.com,+916140515379,1956-02-29,Female,True
278,Aarnav,Rege,aarnav.rege278@hotmail.com,+917014096062,1976-03-02,Female,True
279,Upma,Manne,upma.manne279@yahoo.com,+918338463041,1947-09-25,Female,True
280,Vincent,Mani,vincent.mani280@yahoo.com,+916815221547,1993-08-14,Male,True
281,Barkha,Setty,barkha.setty281@hotmail.com,+916393734347,1950-05-10,Male,True
282,Vivaan,Lalla,vivaan.lalla282@gmail.com,+916217233051,1999-02-14,Female,True
283,Rudra,Sandal,rudra.sandal283@outlook.com,+919380045208,1953-04-27,Male,True
284,Umang,Dixit,umang.dixit284@outlook.com,+918518496186,2007-04-30,Male,True
285,Amaira,Dhar,amaira.dhar285@outlook.com,+917411152518,1950-05-15,Male,True
286,Darpan,Gandhi,darpan.gandhi286@gmail.com,+917190886387,1999-06-13,Male,False
287,Damyanti,Mani,damyanti.mani287@yahoo.com,+919429590757,1975-05-25,Male,True
288,Jeet,Sidhu,jeet.sidhu288@gmail.com,+916566090561,1992-05-17,Male,True
289,Daksha,Rau,daksha.rau289@outlook.com,+918529104043,1964-01-14,Female,True
290,Xiti,Zacharia,xiti.zacharia290@yahoo.com,+916225052083,1979-02-11,Male,True
291,Raksha,Buch,raksha.buch291@gmail.com,+919202607993,1986-03-17,Male,True
292,Balveer,Sankaran,balveer.sankaran292@yahoo.com,+918204340231,1995-06-30,Male,True
293,Ekantika,Krishna,ekantika.krishna293@outlook.com,+918641863774,1947-04-09,Male,True
294,Gavin,Karnik,gavin.karnik294@yahoo.com,+917967277638,1991-05-25,Male,True
295,Ansh,Luthra,ansh.luthra295@hotmail.com,+919639119547,1984-09-21,Female,True
296,Banjeet,Gill,banjeet.gill296@gmail.com,+918105688676,1977-07-12,Female,True
297,Zilmil,Sathe,zilmil.sathe297@gmail.com,+917383459732,2007-11-07,Male,True
298,Arunima,Golla,arunima.golla298@yahoo.com,+918681423225,1985-05-05,Female,True
299,Rajata,Swamy,rajata.swamy299@yahoo.com,+917948692883,1951-09-20,Female,True
300,Upma,Pall,upma.pall300@gmail.com,+919662716909,1973-04-19,Male,True
301,Gauri,Nagi,gauri.nagi301@outlook.com,+917777315761,1991-02-11,Female,True
302,Henry,Dyal,henry.dyal302@hotmail.com,+917786661942,1967-12-15,Male,True
303,Nisha,Tandon,nisha.tandon303@yahoo.com,+918856616537,1965-02-14,Female,True
304,Nandini,Bansal,nandini.bansal304@outlook.com,+918949873860,1976-06-17,Female,True
305,Gaurang,Murty,gaurang.murty305@gmail.com,+916400420225,1962-09-08,Female,True
306,Ekiya,D’Alia,ekiya.d’alia306@yahoo.com,+919486522557,1998-01-30,Male,True
307,Netra,Varkey,netra.varkey307@yahoo.com,+918877685081,2001-08-24,Male,True
308,Aarav,Shere,aarav.shere308@hotmail.com,+919728427375,1973-08-19,Male,False
309,Chatura,Guha,chatura.guha309@yahoo.com,+917510308881,1980-10-15,Male,True
310,Janaki,Tara,janaki.tara310@outlook.com,+916664561034,1988-01-26,Female,True
311,Riya,Behl,riya.behl311@gmail.com,+917503728142,1959-05-13,Female,True
312,Amara,Deep,amara.deep312@yahoo.com,+918465740756,1965-02-10,Male,True
313,Raksha,Sundaram,raksha.sundaram313@gmail.com,+918615613239,1953-10-10,Female,True
314,Ayush,Khatri,ayush.khatri314@yahoo.com,+919018068234,1993-10-23,Female,True
315,Nathan,Mukhopadhyay,nathan.mukhopadhyay315@yahoo.com,+916026224160,1982-12-30,Male,True
316,Akshay,Reddy,akshay.reddy316@hotmail.com,+916298867122,1951-11-08,Male,True
317,Umang,Comar,umang.comar317@gmail.com,+916394096254,1976-11-29,Male,True
318,Jacob,Dube,jacob.dube318@hotmail.com,+917464137110,1979-06-05,Male,True
319,Bishakha,Upadhyay,bishakha.upadhyay319@yahoo.com,+919336483568,1993-07-07,Male,True
320,Anjali,Sagar,anjali.sagar320@outlook.com,+916676070354,2002-04-25,Male,True
321,Vasudha,Sodhi,vasudha.sodhi321@yahoo.com,+917903155722,1962-02-04,Female,True
322,Tanmayi,Dhillon,tanmayi.dhillon322@hotmail.com,+917778905619,1971-08-13,Female,True
323,Rayaan,Trivedi,rayaan.trivedi323@gmail.com,+917482506118,1996-04-18,Female,True
324,Laban,Boase,laban.boase324@hotmail.com,+918263164755,1964-04-23,Female,True
325,Oeshi,Oak,oeshi.oak325@hotmail.com,+918574081104,1999-02-11,Male,True
326,Yashica,Loke,yashica.loke326@yahoo.com,+916907243029,2001-05-07,Male,True
327,Aarnav,Mandal,aarnav.mandal327@yahoo.com,+917409274786,1994-12-02,Male,True
328,Chanchal,Suri,chanchal.suri328@hotmail.com,+916754603440,2004-05-23,Male,True
329,Manthan,Sekhon,manthan.sekhon329@outlook.com,+918148610411,1982-02-28,Female,True
330,Veda,Pai,veda.pai330@gmail.com,+917873548915,1968-02-18,Male,True
331,Krishna,Shah,krishna.shah331@gmail.com,+919702734323,1967-05-29,Female,True
332,Ranbir,Khare,ranbir.khare332@hotmail.com,+919047274825,1984-06-03,Female,True
333,Leela,Kaur,leela.kaur333@hotmail.com,+916089578218,2003-10-06,Female,True
334,Nirja,Bassi,nirja.bassi334@hotmail.com,+919573524070,1967-03-01,Female,True
335,Urvashi,Raj,urvashi.raj335@gmail.com,+917045036297,1971-10-14,Female,True
336,Max,Tandon,max.tandon336@gmail.com,+917699805002,1948-01-12,Female,True
337,Jonathan,Thakkar,jonathan.thakkar337@outlook.com,+917430518844,1985-09-03,Male,True
338,Garima,Chaudhry,garima.chaudhry338@gmail.com,+918278930366,2004-12-31,Male,True
339,Ria,Chaudhry,ria.chaudhry339@yahoo.com,+917507961865,1981-04-20,Male,True
340,Tanmayi,Aurora,tanmayi.aurora340@outlook.com,+917099375147,1994-09-03,Male,True
341,Maanas,Rout,maanas.rout341@outlook.com,+919265099819,2004-10-11,Male,True
342,Mohammed,Borde,mohammed.borde342@hotmail.com,+917992663260,1977-06-17,Female,True
343,Alka,Nigam,alka.nigam343@yahoo.com,+919711912062,1987-12-04,Female,True
344,Mitali,Buch,mitali.buch344@gmail.com,+918014000727,2003-06-22,Female,True
345,Falguni,Walla,falguni.walla345@yahoo.com,+918540128512,1971-05-16,Male,True
346,Edhitha,Sura,edhitha.sura346@gmail.com,+917333191560,2004-11-16,Female,True
347,Balendra,Biswas,balendra.biswas347@gmail.com,+917583715924,1961-06-27,Female,True
348,Bhavna,Karan,bhavna.karan348@gmail.com,+918641440900,1996-04-29,Female,True
349,Gautam,Saraf,gautam.saraf349@gmail.com,+917931591531,1952-03-17,Male,True
350,Harish,Sawhney,harish.sawhney350@hotmail.com,+918153356179,1956-10-31,Male,False
351,Chandani,Balakrishnan,chandani.balakrishnan351@hotmail.com,+916444537179,1948-08-22,Female,False
352,Ekta,Bhalla,ekta.bhalla352@gmail.com,+918167021467,1965-06-22,Male,True
353,Jagrati,Prasad,jagrati.prasad353@hotmail.com,+917887302225,1974-10-26,Male,True
354,Madhav,Konda,madhav.konda354@yahoo.com,+917663941470,1981-08-28,Female,True
355,Nisha,Gole,nisha.gole355@gmail.com,+919389703852,1957-01-28,Female,True
356,Parth,Brar,parth.brar356@gmail.com,+918396433758,1986-12-27,Female,True
357,Lavanya,Khosla,lavanya.khosla357@outlook.com,+917431779064,1979-05-18,Male,True
358,Luke,Kata,luke.kata358@outlook.com,+919937396035,1976-11-21,Female,True
359,Aachal,Sharaf,aachal.sharaf359@hotmail.com,+916553843145,1962-11-20,Male,True
360,Aditya,Shroff,aditya.shroff360@hotmail.com,+918763782498,2006-11-02,Female,True
361,Bhavna,Dugar,bhavna.dugar361@gmail.com,+918774655465,1950-07-15,Female,True
362,Riya,Pai,riya.pai362@gmail.com,+917557345129,1985-06-30,Female,True
363,Chandani,Samra,chandani.samra363@outlook.com,+917467729242,1992-06-26,Female,True
364,Zashil,Shan,zashil.shan364@outlook.com,+916665484476,2003-01-13,Male,True
365,Chasmum,Issac,chasmum.issac365@gmail.com,+918180510715,1971-09-09,Male,True
366,Vasudha,Chhabra,vasudha.chhabra366@outlook.com,+918565153945,1961-08-26,Female,True
367,Lakshmi,Parmer,lakshmi.parmer367@outlook.com,+919570599829,1984-08-17,Male,True
368,Chakrika,Merchant,chakrika.merchant368@gmail.com,+917764624310,1947-01-02,Female,True
369,Meghana,Maharaj,meghana.maharaj369@outlook.com,+917907818922,1946-01-23,Female,True
370,Chandran,Taneja,chandran.taneja370@hotmail.com,+917005034996,2002-03-09,Male,True
371,Bhavini,Karpe,bhavini.karpe371@hotmail.com,+919882540201,1986-10-27,Male,True
372,Indira,Kanda,indira.kanda372@hotmail.com,+917982900391,1988-10-31,Female,True
373,Ranveer,Krishna,ranveer.krishna373@hotmail.com,+916696034559,1991-08-19,Male,True
374,Laksh,Chatterjee,laksh.chatterjee374@outlook.com,+919749514711,2006-12-27,Female,True
375,Balveer,More,balveer.more375@hotmail.com,+919754303694,1999-03-06,Female,True
376,Ridhi,Bandi,ridhi.bandi376@gmail.com,+919055443931,1984-12-13,Male,True
377,Janya,Deep,janya.deep377@outlook.com,+917171629709,1951-08-24,Female,True
378,Chakrika,Narain,chakrika.narain378@outlook.com,+919569318475,1996-05-17,Female,True
379,Ojasvi,Gill,ojasvi.gill379@outlook.com,+919507713760,1959-03-05,Female,True
380,Kevin,Zacharia,kevin.zacharia380@gmail.com,+917781968664,2005-02-25,Male,True
381,Jasmit,Wali,jasmit.wali381@yahoo.com,+917012659111,1979-08-29,Female,False
382,Anjali,Gala,anjali.gala382@yahoo.com,+916964386641,1962-12-31,Male,True
383,Vasatika,Merchant,vasatika.merchant383@gmail.com,+919604234700,1996-04-24,Female,True
384,Hamsini,Contractor,hamsini.contractor384@outlook.com,+916164510971,1977-05-19,Female,True
385,Faqid,Dhaliwal,faqid.dhaliwal385@hotmail.com,+918989606411,1996-10-30,Male,True
386,Upkaar,Ranganathan,upkaar.ranganathan386@hotmail.com,+917926728669,2003-01-24,Male,True
387,Jasmit,Chana,jasmit.chana387@gmail.com,+917099184899,1999-04-26,Male,True
388,Megha,Atwal,megha.atwal388@hotmail.com,+916477543926,1963-07-05,Female,True
389,Jatin,Sha,jatin.sha389@gmail.com,+916205082311,1970-08-05,Male,True
390,Adweta,Raj,adweta.raj390@hotmail.com,+916269754673,2001-06-23,Male,True
391,Kamya,Chokshi,kamya.chokshi391@hotmail.com,+918562974666,1991-06-08,Male,True
392,Vivaan,Sinha,vivaan.sinha392@outlook.com,+919086124402,1947-03-19,Male,True
393,Falak,Kant,falak.kant393@gmail.com,+918640587058,1989-08-01,Female,True
394,Dev,Shetty,dev.shetty394@hotmail.com,+916804507108,2007-05-24,Male,True
395,Chasmum,Rege,chasmum.rege395@yahoo.com,+916290680473,1953-06-13,Male,True
396,Logan,Bath,logan.bath396@hotmail.com,+916186978937,1948-01-16,Female,False
397,Daksha,Tailor,daksha.tailor397@yahoo.com,+919209700340,1953-05-31,Male,True
398,Gunbir,Keer,gunbir.keer398@gmail.com,+917480915452,2005-11-20,Male,True
399,Krishna,Rama,krishna.rama399@gmail.com,+919313573165,1976-05-19,Female,True
400,Kamala,Zachariah,kamala.zachariah400@yahoo.com,+918345111169,1974-01-12,Female,True
401,Mohammed,Sachdeva,mohammed.sachdeva401@outlook.com,+919566470640,1990-01-29,Female,False
402,Hardik,Suri,hardik.suri402@hotmail.com,+918713284816,1987-05-29,Male,True
403,Nikita,Mammen,nikita.mammen403@gmail.com,+919075390099,1947-09-27,Female,True
404,Kamala,Kalla,kamala.kalla404@outlook.com,+916188146518,1975-09-07,Male,True
405,Sai,Keer,sai.keer405@yahoo.com,+917331765783,2003-09-22,Female,False
406,Janani,Chaudhary,janani.chaudhary406@hotmail.com,+917087974350,1992-03-03,Male,True
407,Jhalak,Parmer,jhalak.parmer407@outlook.com,+917228836941,1949-08-18,Female,True
408,Mitali,Majumdar,mitali.majumdar408@gmail.com,+919718575271,1958-06-05,Female,True
409,Jason,Sha,jason.sha409@yahoo.com,+917876691885,1951-10-01,Female,True
410,Simon,Bail,simon.bail410@hotmail.com,+917456151216,1948-12-14,Male,True
411,Gauri,Kohli,gauri.kohli411@hotmail.com,+917577743019,1954-01-29,Female,True
412,Samesh,Biswas,samesh.biswas412@hotmail.com,+916338988898,2001-12-24,Female,True
413,Sarthak,Kalita,sarthak.kalita413@outlook.com,+918342794700,2000-11-02,Female,True
414,Viraj,Narasimhan,viraj.narasimhan414@gmail.com,+917408405265,1998-03-17,Female,True
415,Manbir,Agate,manbir.agate415@hotmail.com,+916715733827,1964-05-18,Female,True
416,Maanav,De,maanav.de416@gmail.com,+919121644055,1982-04-10,Female,True
417,Zashil,Ghosh,zashil.ghosh417@hotmail.com,+917179206294,1952-12-28,Male,True
418,Atharv,Deep,atharv.deep418@hotmail.com,+917560409439,1946-07-10,Male,False
419,Ishita,Khanna,ishita.khanna419@outlook.com,+919645006924,1985-08-01,Female,True
420,Ekiya,Babu,ekiya.babu420@gmail.com,+917013592436,1957-05-14,Female,True
421,Alka,Ben,alka.ben421@gmail.com,+918598862507,1954-02-19,Male,True
422,Oviya,Vora,oviya.vora422@yahoo.com,+917597785308,1953-03-30,Female,True
423,Devansh,Soni,devansh.soni423@outlook.com,+918274012889,1976-01-06,Female,True
424,Janaki,Varghese,janaki.varghese424@yahoo.com,+917072073884,1985-11-28,Male,True
425,Ikbal,Seth,ikbal.seth425@outlook.com,+918143377496,1979-10-18,Female,True
426,Timothy,Bassi,timothy.bassi426@gmail.com,+917124322241,1994-12-31,Female,True
427,Charvi,Shanker,charvi.shanker427@outlook.com,+918627992499,1989-04-16,Female,True
428,Azaan,Bhat,azaan.bhat428@hotmail.com,+916859759428,1978-02-08,Male,True
429,Neelima,Sandhu,neelima.sandhu429@gmail.com,+917941508568,1992-03-14,Male,True
430,Hritik,Swaminathan,hritik.swaminathan430@hotmail.com,+916377058351,1993-12-27,Female,True
431,Sachi,Borah,sachi.borah431@gmail.com,+918362219754,2006-09-15,Female,True
432,Faris,Nagy,faris.nagy432@outlook.com,+919057196804,1986-11-27,Male,True
433,Manbir,Bhatti,manbir.bhatti433@outlook.com,+916521247759,1954-02-05,Male,True
434,Anvi,Nair,anvi.nair434@outlook.com,+919394626443,1971-06-07,Female,True
435,Chaitaly,Setty,chaitaly.setty435@yahoo.com,+918007492791,1979-11-30,Male,True
436,Qushi,Chaudhary,qushi.chaudhary436@gmail.com,+916282385977,1999-06-25,Female,True
437,Ishwar,Kale,ishwar.kale437@hotmail.com,+918257845661,1974-10-11,Female,True
438,Siya,Kari,siya.kari438@gmail.com,+916538274418,1973-09-02,Female,True
439,Harinakshi,Setty,harinakshi.setty439@hotmail.com,+918000738353,1972-08-23,Female,True
440,Ojasvi,Chandran,ojasvi.chandran440@outlook.com,+919297597008,1966-10-12,Male,True
441,Prisha,Munshi,prisha.munshi441@gmail.com,+919570796341,1990-10-09,Male,True
442,Aadhya,Prasad,aadhya.prasad442@yahoo.com,+916707196784,1955-11-24,Male,True
443,Urvi,Bhavsar,urvi.bhavsar443@outlook.com,+917486157809,1951-09-20,Female,True
444,Frederick,Chander,frederick.chander444@yahoo.com,+916843110305,1974-11-25,Female,True
445,Gopal,Pradhan,gopal.pradhan445@yahoo.com,+918638949369,2000-10-01,Male,True
446,Kalpit,Bhasin,kalpit.bhasin446@outlook.com,+918541797909,1985-06-02,Male,True
447,Forum,Das,forum.das447@yahoo.com,+919618638812,1973-06-19,Male,True
448,Irya,Sampath,irya.sampath448@gmail.com,+916348849508,2004-08-01,Male,True
449,Charan,Mani,charan.mani449@yahoo.com,+918796581976,1986-05-15,Male,True
450,Devika,Pandey,devika.pandey450@hotmail.com,+918654755464,1952-07-24,Male,True
451,Yashica,Kala,yashica.kala451@yahoo.com,+918756970807,1956-01-15,Female,True
452,Vasatika,Kapur,vasatika.kapur452@hotmail.com,+917277468755,2003-03-03,Female,True
453,Hritik,Palla,hritik.palla453@gmail.com,+916678950361,2003-01-14,Female,True
454,Jhalak,Contractor,jhalak.contractor454@hotmail.com,+916876272170,1997-05-28,Female,True
455,Arya,Kara,arya.kara455@yahoo.com,+919700050210,2000-06-10,Female,True
456,Pushti,Bal,pushti.bal456@yahoo.com,+917712474804,1986-12-14,Male,True
457,Amara,Balakrishnan,amara.balakrishnan457@gmail.com,+917370592316,1957-10-15,Male,True
458,Anjali,More,anjali.more458@yahoo.com,+917931000173,2008-03-21,Male,True
459,Harinakshi,Panchal,harinakshi.panchal459@gmail.com,+917246451043,1945-12-04,Female,True
460,Pratyush,Dhar,pratyush.dhar460@hotmail.com,+917066312714,1984-01-18,Male,True
461,Nandini,Boase,nandini.boase461@yahoo.com,+916815331250,1955-03-02,Male,True
462,Azaan,Chand,azaan.chand462@hotmail.com,+918142156616,1996-04-13,Female,True
463,Tanveer,Puri,tanveer.puri463@gmail.com,+917688962331,1974-01-29,Female,False
464,Sudiksha,Om,sudiksha.om464@outlook.com,+918505443885,1956-03-22,Female,True
465,Kala,Muni,kala.muni465@yahoo.com,+918125554417,1994-08-13,Female,True
466,Ekta,Chad,ekta.chad466@gmail.com,+919638577630,2005-08-15,Male,True
467,Charles,Dugal,charles.dugal467@yahoo.com,+919124623359,1956-03-22,Female,True
468,Chandran,Bumb,chandran.bumb468@yahoo.com,+916194314620,1964-01-11,Female,True
469,Saanvi,Samra,saanvi.samra469@outlook.com,+917557027753,1978-07-24,Female,True
470,Riya,Sachdeva,riya.sachdeva470@hotmail.com,+919283090686,1964-02-06,Female,True
471,Tanveer,Vala,tanveer.vala471@gmail.com,+916552605034,1953-04-03,Male,True
472,Hemani,Sani,hemani.sani472@yahoo.com,+918395869480,1953-01-21,Female,True
473,Bhanumati,Sur,bhanumati.sur473@outlook.com,+918587558681,1981-05-15,Female,True
474,Darika,Bath,darika.bath474@gmail.com,+916167134213,1960-07-08,Male,True
475,Megha,Bhakta,megha.bhakta475@hotmail.com,+918230517007,1946-01-13,Female,True
476,Samarth,Mitra,samarth.mitra476@outlook.com,+917408602588,1959-11-20,Female,True
477,Laksh,Kumer,laksh.kumer477@yahoo.com,+918550027973,1965-03-17,Female,True
478,Falak,Dar,falak.dar478@hotmail.com,+919044014286,1946-01-14,Female,True
479,Widisha,Sani,widisha.sani479@gmail.com,+917582084743,1957-06-19,Female,True
480,Kai,Rai,kai.rai480@hotmail.com,+918506981604,1981-10-02,Female,True
481,Victor,Tella,victor.tella481@gmail.com,+918563707272,1983-07-14,Female,True
482,Irya,Bora,irya.bora482@outlook.com,+919098389895,1972-07-13,Male,True
483,Brijesh,Sarin,brijesh.sarin483@outlook.com,+918251560728,1946-10-14,Female,True
484,Tripti,Brahmbhatt,tripti.brahmbhatt484@outlook.com,+916135594311,2004-03-05,Male,True
485,Dhriti,Sanghvi,dhriti.sanghvi485@hotmail.com,+917347298951,1984-07-12,Female,True
486,Nidhi,Sahni,nidhi.sahni486@outlook.com,+917762557538,1965-03-18,Female,True
487,Ishwar,Ravel,ishwar.ravel487@gmail.com,+919031281545,1946-12-06,Male,True
488,Ekta,Garg,ekta.garg488@yahoo.com,+918844242456,2000-01-15,Female,True
489,Triveni,Pathak,triveni.pathak489@yahoo.com,+916743812855,1951-07-05,Female,True
490,Rajeshri,Cherian,rajeshri.cherian490@yahoo.com,+918346225613,1962-01-25,Female,True
491,Rajata,Rattan,rajata.rattan491@yahoo.com,+918620258967,1981-03-02,Female,True
492,Farhan,Randhawa,farhan.randhawa492@outlook.com,+917198323340,2004-10-01,Female,True
493,Dayita,Nori,dayita.nori493@yahoo.com,+919312168268,1960-08-03,Female,True
494,Gauri,Ganguly,gauri.ganguly494@hotmail.com,+917361679629,1950-09-16,Female,True
495,Yashvi,Comar,yashvi.comar495@yahoo.com,+917236045959,1981-08-14,Male,True
496,Yashvi,Hari,yashvi.hari496@hotmail.com,+919847261858,2007-02-27,Female,True
497,Ikshita,Panchal,ikshita.panchal497@outlook.com,+917247484671,1995-01-04,Male,True
498,Manbir,Keer,manbir.keer498@gmail.com,+917487619960,1952-07-04,Female,True
499,Madhav,Kunda,madhav.kunda499@hotmail.com,+916919066362,1958-12-08,Male,True
500,Oscar,Dua,oscar.dua500@yahoo.com,+918413849014,1997-03-30,Female,True
501,Faqid,Goel,faqid.goel501@outlook.com,+917041349374,1998-02-07,Male,True
502,Wakeeta,Shetty,wakeeta.shetty502@outlook.com,+918739951076,1996-11-06,Male,True
503,Saumya,Naidu,saumya.naidu503@hotmail.com,+917418600299,2004-04-27,Female,True
504,Diya,Dora,diya.dora504@outlook.com,+916022254113,1975-06-09,Male,True
505,Ekansh,Singh,ekansh.singh505@hotmail.com,+918050625761,1975-08-09,Male,True
506,Chavvi,Maharaj,chavvi.maharaj506@yahoo.com,+917379404786,1985-10-03,Female,True
507,Daksh,Pandey,daksh.pandey507@gmail.com,+918801601713,1980-01-13,Male,True
508,Ethan,Mukherjee,ethan.mukherjee508@gmail.com,+919922291794,1976-12-06,Male,True
509,Siya,Barad,siya.barad509@outlook.com,+919949801453,1949-05-20,Male,False
510,Jyoti,Mangat,jyoti.mangat510@hotmail.com,+919384265148,1950-09-25,Female,True
511,Gautam,Tripathi,gautam.tripathi511@yahoo.com,+919765583254,1971-09-04,Male,True
512,Turvi,Barman,turvi.barman512@gmail.com,+919987683174,1976-02-12,Female,True
513,Raghav,Nagy,raghav.nagy513@hotmail.com,+919819342448,1986-09-06,Male,True
514,Vamakshi,Thaker,vamakshi.thaker514@hotmail.com,+917171826349,1955-10-11,Male,True
515,David,Seshadri,david.seshadri515@yahoo.com,+916697907532,1952-07-21,Female,True
516,Hemal,Chad,hemal.chad516@outlook.com,+916060491148,1979-11-05,Female,True
517,Orinder,Baral,orinder.baral517@outlook.com,+916753744909,1962-05-15,Female,True
518,Raksha,Sarna,raksha.sarna518@yahoo.com,+916372535899,1981-03-04,Female,True
519,Nathan,Patla,nathan.patla519@outlook.com,+916603923411,1970-11-19,Female,True
520,Barkha,Ram,barkha.ram520@outlook.com,+916029335155,1973-04-30,Female,True
521,Hamsini,Ben,hamsini.ben521@hotmail.com,+919237360169,1999-03-21,Female,False
522,Gaurika,Bhatti,gaurika.bhatti522@yahoo.com,+918501649877,1967-12-12,Male,True
523,Girindra,Raju,girindra.raju523@yahoo.com,+918975418439,1964-11-05,Male,True
524,Zayyan,Doctor,zayyan.doctor524@gmail.com,+917998856257,1968-03-12,Female,True
525,Finn,Dhaliwal,finn.dhaliwal525@yahoo.com,+918964774623,2007-11-23,Male,True
526,Inaya,Mukherjee,inaya.mukherjee526@yahoo.com,+917578589030,1990-02-26,Male,True
527,Manya,Dayal,manya.dayal527@outlook.com,+918053775623,1986-01-01,Male,True
528,Frado,Mukherjee,frado.mukherjee528@yahoo.com,+917786043319,1983-07-19,Female,True
529,Krisha,Narasimhan,krisha.narasimhan529@outlook.com,+919272162158,2000-11-05,Male,True
530,Joshua,Vyas,joshua.vyas530@gmail.com,+918257033897,1951-11-14,Female,True
531,Pallavi,Trivedi,pallavi.trivedi531@yahoo.com,+916335448617,1970-02-18,Male,True
532,Andrew,Patil,andrew.patil532@outlook.com,+918459734963,1966-07-12,Male,True
533,Pranit,Kala,pranit.kala533@hotmail.com,+916499247083,1968-10-06,Male,True
534,Vedika,Handa,vedika.handa534@hotmail.com,+916390591367,1960-12-04,Female,True
535,Laksh,Dubey,laksh.dubey535@hotmail.com,+916566696611,1950-10-05,Female,True
536,Chakrika,Chaudhuri,chakrika.chaudhuri536@gmail.com,+918400015680,1980-01-22,Female,True
537,Baljiwan,Nayar,baljiwan.nayar537@yahoo.com,+919106464319,2005-02-23,Male,True
538,Karan,Puri,karan.puri538@gmail.com,+919203205881,1956-01-03,Male,True
539,Nicholas,Golla,nicholas.golla539@gmail.com,+917819766421,2002-01-31,Female,True
540,Noah,Sarma,noah.sarma540@gmail.com,+919840638976,1948-06-25,Male,False
541,Nirja,Patla,nirja.patla541@hotmail.com,+916136300252,1991-07-16,Female,True
542,Wazir,Sawhney,wazir.sawhney542@outlook.com,+919289204852,1987-01-23,Female,True
543,Bhavani,Sen,bhavani.sen543@hotmail.com,+917926452312,1961-06-08,Female,True
544,William,More,william.more544@outlook.com,+918806907561,2000-07-15,Female,True
545,Upasna,Hari,upasna.hari545@hotmail.com,+918271361431,1970-07-17,Male,True
546,Ridhi,Shenoy,ridhi.shenoy546@outlook.com,+919585531525,1997-11-14,Male,True
547,Baghyawati,Raja,baghyawati.raja547@yahoo.com,+917988586594,1979-09-25,Female,True
548,Omya,Edwin,omya.edwin548@outlook.com,+917063056115,2001-02-05,Female,True
549,Ryan,Devi,ryan.devi549@yahoo.com,+916809517372,2004-12-01,Male,True
550,Zashil,Ben,zashil.ben550@hotmail.com,+918641075042,1989-02-21,Male,True
551,Vasana,Prabhu,vasana.prabhu551@gmail.com,+916433348075,1983-04-01,Male,True
552,Harshil,Varty,harshil.varty552@gmail.com,+917051125170,2003-06-07,Male,True
553,Jeet,Mane,jeet.mane553@outlook.com,+918318250726,1951-03-21,Male,True
554,Naveen,Mahajan,naveen.mahajan554@gmail.com,+916601877719,1976-02-01,Female,True
555,Yochana,Din,yochana.din555@yahoo.com,+918480235438,2002-01-23,Female,True
556,Rajeshri,Chand,rajeshri.chand556@outlook.com,+918835590759,2007-06-21,Male,True
557,Tristan,Seshadri,tristan.seshadri557@yahoo.com,+916261811056,2005-09-16,Male,True
558,Ikshita,Bala,ikshita.bala558@hotmail.com,+918387360437,1973-09-29,Female,True
559,Chatresh,Randhawa,chatresh.randhawa559@yahoo.com,+918763021449,1979-09-03,Female,True
560,Kashvi,Keer,kashvi.keer560@yahoo.com,+918990621826,1971-10-16,Female,True
561,Finn,Prasad,finn.prasad561@yahoo.com,+917616884203,1960-10-15,Male,True
562,Ayaan,Nagar,ayaan.nagar562@hotmail.com,+917034950478,1952-04-02,Male,True
563,Gautami,Dhingra,gautami.dhingra563@outlook.com,+919460782270,1954-11-16,Female,True
564,Balvan,Mangat,balvan.mangat564@hotmail.com,+917788887661,2007-12-10,Male,True
565,Urmi,Dewan,urmi.dewan565@yahoo.com,+916873324617,1997-02-24,Female,True
566,Upasna,Sen,upasna.sen566@hotmail.com,+919638410176,1987-05-21,Female,True
567,Abdul,Buch,abdul.buch567@outlook.com,+916221348142,1946-10-21,Female,True
568,Aahana,Kale,aahana.kale568@gmail.com,+919752171298,2002-05-01,Male,True
569,Mason,Wable,mason.wable569@outlook.com,+918058982440,1974-04-25,Male,True
570,Indrajit,Mani,indrajit.mani570@yahoo.com,+917302182635,1961-09-06,Male,True
571,Charvi,Dara,charvi.dara571@outlook.com,+919184611760,1948-10-04,Male,True
572,William,Saini,william.saini572@hotmail.com,+919927495468,1988-12-28,Male,True
573,Tanvi,Bhatnagar,tanvi.bhatnagar573@outlook.com,+917703521697,1953-01-20,Male,True
574,Xalak,Wason,xalak.wason574@yahoo.com,+917634929736,1946-08-18,Female,True
575,Yutika,Khurana,yutika.khurana575@yahoo.com,+917324663629,1994-05-29,Female,True
576,Maanas,Manne,maanas.manne576@hotmail.com,+918001472250,1974-09-20,Male,True
577,Aarav,Pandit,aarav.pandit577@hotmail.com,+919271171496,1961-11-18,Female,True
578,Omaja,Grover,omaja.grover578@yahoo.com,+917343989841,1990-09-21,Female,True
579,Frederick,Viswanathan,frederick.viswanathan579@outlook.com,+919183654731,1970-01-18,Male,True
580,Ekansh,Vora,ekansh.vora580@hotmail.com,+917267841227,1982-07-15,Male,True
581,Yashica,Tripathi,yashica.tripathi581@outlook.com,+917631399401,1983-03-22,Male,True
582,Anmol,Ramakrishnan,anmol.ramakrishnan582@yahoo.com,+917105209993,2004-12-09,Female,False
583,Upma,Bassi,upma.bassi583@hotmail.com,+917979245480,1988-10-07,Male,True
584,Lila,Prakash,lila.prakash584@yahoo.com,+916726990714,1962-10-09,Male,True
585,Amol,Parikh,amol.parikh585@hotmail.com,+916790479137,1999-03-03,Male,True
586,Ekansh,Pai,ekansh.pai586@gmail.com,+919513265673,1961-12-02,Male,True
587,Hemang,Natarajan,hemang.natarajan587@hotmail.com,+916590521614,1954-08-03,Male,True
588,Chaitanya,Pandey,chaitanya.pandey588@outlook.com,+916039262289,1982-09-01,Male,True
589,Hamsini,Gill,hamsini.gill589@yahoo.com,+916259631271,2002-01-07,Female,True
590,Ucchal,Srinivas,ucchal.srinivas590@gmail.com,+916028399849,1988-07-01,Female,True
591,Qabil,Deshmukh,qabil.deshmukh591@yahoo.com,+918300977631,1949-10-21,Female,True
592,Tanvi,Bansal,tanvi.bansal592@hotmail.com,+919462463897,1965-06-24,Male,True
593,Saksham,Bassi,saksham.bassi593@gmail.com,+918252218154,1999-05-07,Male,True
594,Ryan,Barman,ryan.barman594@yahoo.com,+919501319147,1966-12-27,Female,True
595,Dayita,Varma,dayita.varma595@hotmail.com,+916339385087,1972-08-10,Female,False
596,Urvashi,Kulkarni,urvashi.kulkarni596@hotmail.com,+918426665919,1948-01-02,Male,False
597,Rayaan,Mangal,rayaan.mangal597@outlook.com,+917288381269,1969-10-20,Male,True
598,Champak,Narula,champak.narula598@gmail.com,+916401581601,1964-02-07,Female,True
599,Jeet,Pillai,jeet.pillai599@hotmail.com,+916241011818,1975-03-31,Male,True
600,Mugdha,Sarraf,mugdha.sarraf600@gmail.com,+918146875428,2006-05-23,Female,True
601,Libni,Nori,libni.nori601@yahoo.com,+918430335702,1958-03-23,Male,True
602,Watika,Tank,watika.tank602@gmail.com,+916986839603,1970-07-05,Male,True
603,Zilmil,Loke,zilmil.loke603@hotmail.com,+917164344392,2000-01-11,Male,True
604,Fitan,Samra,fitan.samra604@yahoo.com,+919862514132,1950-11-18,Male,True
605,Qushi,Gole,qushi.gole605@yahoo.com,+916067251004,1982-08-18,Male,True
606,Chaaya,Nagi,chaaya.nagi606@hotmail.com,+919989487508,1952-06-29,Male,True
607,Fariq,Narang,fariq.narang607@outlook.com,+918433940416,1990-06-27,Female,True
608,Chakrika,Mohan,chakrika.mohan608@yahoo.com,+917648606935,1975-11-09,Male,True
609,Pooja,Ganesan,pooja.ganesan609@gmail.com,+918150888898,1992-06-13,Female,True
610,Sachi,Panchal,sachi.panchal610@hotmail.com,+916997050893,1975-12-09,Male,True
611,Brijesh,Pandit,brijesh.pandit611@hotmail.com,+919322393065,1987-05-09,Female,True
612,Radhika,Maharaj,radhika.maharaj612@yahoo.com,+919365313627,1989-01-10,Female,True
613,Dakshesh,Borde,dakshesh.borde613@yahoo.com,+918375278922,1991-03-09,Female,True
614,Nidra,Patla,nidra.patla614@hotmail.com,+916368053428,1980-06-04,Female,True
615,Nathaniel,Balasubramanian,nathaniel.balasubramanian615@gmail.com,+916352350576,1955-03-24,Female,True
616,Raksha,Banerjee,raksha.banerjee616@outlook.com,+919176795294,1954-02-06,Female,True
617,Ekalinga,Keer,ekalinga.keer617@gmail.com,+916393077279,1998-06-28,Male,True
618,Jeevika,Pathak,jeevika.pathak618@hotmail.com,+917545833869,1971-07-25,Female,True
619,Bachittar,Dube,bachittar.dube619@gmail.com,+916804841598,1991-09-21,Female,True
620,Shivani,Prabhakar,shivani.prabhakar620@hotmail.com,+916443639751,1970-10-29,Male,True
621,Sachi,Bose,sachi.bose621@gmail.com,+918563771436,1984-07-25,Female,True
622,Laksh,Wagle,laksh.wagle622@gmail.com,+917253474844,1970-06-25,Female,True
623,Mitali,Murthy,mitali.murthy623@gmail.com,+919113180606,1989-09-17,Male,True
624,Arya,Krish,arya.krish624@outlook.com,+918943409776,1953-03-25,Female,True
625,Atharv,Grewal,atharv.grewal625@yahoo.com,+917293348937,1979-06-21,Female,True
626,Zarna,Ram,zarna.ram626@gmail.com,+916718150313,2007-09-05,Female,True
627,Jacob,Lala,jacob.lala627@yahoo.com,+918079757650,1998-03-31,Male,True
628,Abha,Sehgal,abha.sehgal628@outlook.com,+919096239582,1960-02-11,Female,True
629,Bhavika,Swaminathan,bhavika.swaminathan629@outlook.com,+917966500767,1959-02-18,Male,True
630,Jason,Deshmukh,jason.deshmukh630@gmail.com,+917699484121,2003-07-19,Female,True
631,Ethan,Seth,ethan.seth631@hotmail.com,+919453482080,1957-04-05,Female,True
632,Sai,Chahal,sai.chahal632@hotmail.com,+919502440472,2000-08-31,Male,True
633,Ekaja,Palan,ekaja.palan633@outlook.com,+918057331177,1993-10-17,Female,True
634,Dhruv,Mannan,dhruv.mannan634@hotmail.com,+917370685826,2006-03-02,Female,True
635,Charita,Dugar,charita.dugar635@hotmail.com,+918473382684,1993-12-13,Male,True
636,Owen,Pathak,owen.pathak636@yahoo.com,+919506817238,1980-02-18,Female,True
637,Udarsh,Dara,udarsh.dara637@outlook.com,+918543595727,1959-03-10,Male,True
638,Liam,Khalsa,liam.khalsa638@gmail.com,+919123357626,1999-04-18,Female,True
639,Wakeeta,Bal,wakeeta.bal639@outlook.com,+917883149695,1970-01-26,Female,True
640,Jyoti,Sibal,jyoti.sibal640@gmail.com,+919517430304,2000-03-14,Female,True
641,Kai,Chadha,kai.chadha641@outlook.com,+918720157590,1949-12-26,Female,True
642,Dayamai,Rao,dayamai.rao642@outlook.com,+919071916904,1994-04-19,Female,True
643,Varenya,Vora,varenya.vora643@gmail.com,+917928726872,1973-06-19,Female,True
644,Nimrat,Borah,nimrat.borah644@hotmail.com,+918334938378,1954-01-15,Male,True
645,Edhitha,Borah,edhitha.borah645@yahoo.com,+919013496306,1976-02-18,Male,True
646,Unnati,Varughese,unnati.varughese646@outlook.com,+918824377567,1968-12-14,Female,True
647,Kabir,Gopal,kabir.gopal647@gmail.com,+918419012709,1997-10-04,Female,False
648,Kai,Sant,kai.sant648@yahoo.com,+919419786374,1979-09-24,Female,True
649,Christopher,Dash,christopher.dash649@gmail.com,+917111272861,1980-10-07,Male,True
650,Michael,Modi,michael.modi650@outlook.com,+917914604319,1956-09-18,Female,True
651,Neel,Naidu,neel.naidu651@outlook.com,+917481623643,1993-10-12,Male,True
652,Umang,Pal,umang.pal652@yahoo.com,+917786600854,1980-10-27,Male,True
653,Bhanumati,Brar,bhanumati.brar653@outlook.com,+917496060167,1962-07-25,Female,True
654,Ronith,Maharaj,ronith.maharaj654@outlook.com,+918238171141,1954-01-11,Female,True
655,Chavvi,Walla,chavvi.walla655@gmail.com,+917881908383,1951-11-14,Female,True
656,Yadavi,Ganguly,yadavi.ganguly656@yahoo.com,+916191912243,1985-10-13,Male,True
657,Mitesh,Garg,mitesh.garg657@yahoo.com,+918783009621,1990-05-03,Male,True
658,Geetika,Barman,geetika.barman658@outlook.com,+919993986472,2001-09-01,Male,True
659,Ayush,Bumb,ayush.bumb659@outlook.com,+917421589752,1948-08-08,Female,False
660,Alka,Kade,alka.kade660@outlook.com,+919426335013,1997-09-13,Female,True
661,Omaja,Balasubramanian,omaja.balasubramanian661@outlook.com,+918750835809,1979-05-27,Female,True
662,Bimala,Mittal,bimala.mittal662@outlook.com,+917930909978,1978-05-17,Female,True
663,Yash,Ravi,yash.ravi663@outlook.com,+916883837629,1965-10-01,Female,True
664,Sudiksha,Bora,sudiksha.bora664@gmail.com,+918479690385,1992-05-15,Male,True
665,Darpan,Dugar,darpan.dugar665@outlook.com,+917571069113,1975-06-05,Female,True
666,Ojasvi,Sule,ojasvi.sule666@gmail.com,+917126799232,1977-02-11,Female,True
667,Samar,Oak,samar.oak667@yahoo.com,+918563970187,1986-10-17,Female,True
668,Maanas,Munshi,maanas.munshi668@gmail.com,+917494324956,2004-02-19,Female,True
669,Eiravati,Pai,eiravati.pai669@outlook.com,+919494979199,1972-08-23,Female,True
670,Kalpit,Prabhakar,kalpit.prabhakar670@gmail.com,+918886690817,1980-07-21,Male,True
671,Hitesh,Nagar,hitesh.nagar671@outlook.com,+917311597141,1961-12-17,Male,True
672,Unnati,Das,unnati.das672@outlook.com,+918193976097,1963-09-18,Female,True
673,Shivani,Kota,shivani.kota673@outlook.com,+918468773157,1955-02-05,Female,True
674,Gunbir,Bedi,gunbir.bedi674@hotmail.com,+918729458763,1965-04-05,Male,True
675,Leena,Sahota,leena.sahota675@hotmail.com,+917240535933,1962-05-28,Male,True
676,Nathaniel,Narang,nathaniel.narang676@hotmail.com,+918660345628,1984-10-27,Male,True
677,Dhriti,Gupta,dhriti.gupta677@gmail.com,+918081379485,1997-06-10,Male,True
678,Nathaniel,Tara,nathaniel.tara678@hotmail.com,+918411976659,1980-07-15,Female,True
679,Unni,Tara,unni.tara679@hotmail.com,+917785119108,2005-05-01,Female,True
680,Darika,Tank,darika.tank680@gmail.com,+918428365056,1947-02-02,Male,True
681,Gautam,Ramaswamy,gautam.ramaswamy681@outlook.com,+917254516608,1979-11-27,Male,True
682,Tanvi,Khosla,tanvi.khosla682@yahoo.com,+916722452036,1960-02-25,Female,True
683,Ira,Bava,ira.bava683@hotmail.com,+918361055973,1948-12-13,Male,True
684,Baghyawati,Talwar,baghyawati.talwar684@yahoo.com,+919329085107,1986-03-04,Female,True
685,Upma,Mangal,upma.mangal685@gmail.com,+919264192875,1982-01-12,Female,True
686,Abhiram,Chokshi,abhiram.chokshi686@hotmail.com,+916439875261,1974-11-01,Male,True
687,Krish,Lalla,krish.lalla687@gmail.com,+917931585714,1995-01-07,Female,True
688,Jasmit,Rau,jasmit.rau688@gmail.com,+917885790857,1970-05-31,Male,True
689,Chakradev,Rattan,chakradev.rattan689@outlook.com,+916901419863,1948-12-28,Female,True
690,Robert,Patil,robert.patil690@hotmail.com,+916712885628,1983-02-27,Male,True
691,Bhavya,Borah,bhavya.borah691@outlook.com,+919459340599,1971-10-20,Male,True
692,Yamini,Seshadri,yamini.seshadri692@yahoo.com,+918563484242,1997-07-12,Male,True
693,Ati,Dani,ati.dani693@yahoo.com,+917242676804,1954-04-07,Female,False
694,Gunbir,Ramesh,gunbir.ramesh694@gmail.com,+916582349911,1970-11-27,Female,True
695,Harinakshi,Pau,harinakshi.pau695@yahoo.com,+919723941036,1996-11-19,Male,True
696,Maanas,Issac,maanas.issac696@outlook.com,+917072355594,1986-07-05,Male,True
697,Yashodhara,Ratti,yashodhara.ratti697@outlook.com,+919270504139,1979-07-17,Female,True
698,Banjeet,Bath,banjeet.bath698@yahoo.com,+918696435541,1948-02-28,Female,True
699,Laksh,Nath,laksh.nath699@gmail.com,+918721410516,2000-03-21,Male,True
700,Urvi,Venkataraman,urvi.venkataraman700@yahoo.com,+918983729287,1976-08-10,Female,True
701,Manthan,Varma,manthan.varma701@hotmail.com,+917405696743,1955-01-09,Male,True
702,Falak,Nagar,falak.nagar702@gmail.com,+919139328744,1956-07-27,Female,True
703,Maya,Mistry,maya.mistry703@yahoo.com,+919651178503,1985-11-30,Male,True
704,Gayathri,Tripathi,gayathri.tripathi704@hotmail.com,+916935572425,2001-11-16,Female,True
705,Yashodhara,Walia,yashodhara.walia705@hotmail.com,+917153356934,1978-11-05,Female,True
706,Chandani,Soman,chandani.soman706@yahoo.com,+918350680837,2001-01-08,Male,True
707,Anay,Pillay,anay.pillay707@hotmail.com,+919385738429,1968-01-20,Female,True
708,Imaran,Saha,imaran.saha708@gmail.com,+916197323378,1985-03-25,Male,True
709,Darika,Bala,darika.bala709@hotmail.com,+916069927882,1986-02-17,Male,True
710,Urvi,Lanka,urvi.lanka710@outlook.com,+917895308730,1990-02-14,Female,True
711,Vedant,Behl,vedant.behl711@hotmail.com,+916868950062,1985-03-21,Male,True
712,Varsha,Garde,varsha.garde712@yahoo.com,+916682802977,1981-03-08,Female,True
713,Lajita,Divan,lajita.divan713@yahoo.com,+917075413763,2001-06-04,Male,True
714,Xavier,Balay,xavier.balay714@outlook.com,+916222424647,1984-06-22,Female,True
715,Imaran,Halder,imaran.halder715@outlook.com,+917843532841,1946-10-19,Male,True
716,Ridhi,Murthy,ridhi.murthy716@gmail.com,+916916636971,1974-01-03,Female,True
717,Max,Sachar,max.sachar717@outlook.com,+918230996082,1992-07-01,Female,True
718,Samar,Roy,samar.roy718@yahoo.com,+919509456565,1979-08-29,Male,False
719,Urishilla,Bhatia,urishilla.bhatia719@hotmail.com,+918980840461,1993-07-16,Male,True
720,Lakshit,Venkataraman,lakshit.venkataraman720@outlook.com,+917645272822,1959-08-15,Male,True
721,Ekta,Sridhar,ekta.sridhar721@gmail.com,+916443247229,1981-04-08,Female,True
722,Krisha,Murthy,krisha.murthy722@yahoo.com,+916588965831,1957-04-18,Female,True
723,Tripti,Walia,tripti.walia723@outlook.com,+918755548556,1968-10-21,Male,True
724,Irya,Lalla,irya.lalla724@gmail.com,+918621301168,1987-01-10,Male,True
725,Veda,Handa,veda.handa725@outlook.com,+918697583218,1962-04-15,Male,True
726,Arya,Misra,arya.misra726@hotmail.com,+919693510920,1960-10-24,Male,True
727,Chameli,Mani,chameli.mani727@gmail.com,+916601351841,1993-06-24,Male,True
728,Sarthak,Suresh,sarthak.suresh728@hotmail.com,+917509834067,1967-02-01,Female,True
729,Varsha,Palla,varsha.palla729@outlook.com,+917064234397,1983-08-26,Female,True
730,Anusha,Mani,anusha.mani730@outlook.com,+918376820435,1953-10-21,Female,True
731,Ladli,Rana,ladli.rana731@gmail.com,+919641668841,2001-03-14,Female,True
732,Hemani,Dhingra,hemani.dhingra732@outlook.com,+919211963986,1965-04-11,Female,True
733,Brijesh,Mani,brijesh.mani733@gmail.com,+919366402219,1994-02-09,Male,True
734,Farhan,Pal,farhan.pal734@gmail.com,+917035438246,2008-05-22,Female,True
735,Riya,Kunda,riya.kunda735@gmail.com,+918268973245,1996-05-14,Male,False
736,Varenya,Kala,varenya.kala736@yahoo.com,+916566862173,1959-04-06,Female,True
737,Anika,Magar,anika.magar737@hotmail.com,+917569434583,1954-11-07,Male,True
738,Ikbal,Khatri,ikbal.khatri738@gmail.com,+916071680424,1962-01-04,Male,True
739,Chandresh,Wali,chandresh.wali739@outlook.com,+916171055058,1960-11-13,Male,True
740,Viraj,Ben,viraj.ben740@hotmail.com,+918175875968,1952-04-30,Female,True
741,Odika,Narayanan,odika.narayanan741@hotmail.com,+917819241774,1994-04-30,Female,True
742,Urmi,Chaudhry,urmi.chaudhry742@outlook.com,+917191714875,1991-11-13,Male,True
743,Laksh,Ahluwalia,laksh.ahluwalia743@outlook.com,+919470591645,1982-12-18,Male,True
744,Nakul,Ray,nakul.ray744@hotmail.com,+918518728422,1989-12-09,Male,True
745,Vamakshi,Sood,vamakshi.sood745@hotmail.com,+919135147357,1989-10-12,Male,True
746,Ryan,Mani,ryan.mani746@gmail.com,+919971245964,1967-05-14,Female,True
747,Bhavika,Bhargava,bhavika.bhargava747@gmail.com,+917328390707,2007-04-18,Male,True
748,Gaurav,Kata,gaurav.kata748@outlook.com,+919012917912,1981-12-05,Male,True
749,Baljiwan,Gill,baljiwan.gill749@yahoo.com,+918246290917,1973-12-12,Female,True
750,Patrick,Bansal,patrick.bansal750@outlook.com,+919220265024,2002-05-31,Female,True
751,Mekhala,Tandon,mekhala.tandon751@gmail.com,+919313267864,1958-03-10,Male,True
752,Bimala,Barad,bimala.barad752@hotmail.com,+917168147769,1946-02-21,Male,True
753,Chanchal,Chhabra,chanchal.chhabra753@gmail.com,+918130937594,1968-04-23,Female,True
754,Bhavani,Sha,bhavani.sha754@gmail.com,+918145808627,1989-02-24,Male,True
755,Wakeeta,Desai,wakeeta.desai755@yahoo.com,+919321422584,2003-06-05,Male,True
756,Yamini,Sidhu,yamini.sidhu756@gmail.com,+916980989514,1964-01-29,Male,True
757,Reyansh,Chowdhury,reyansh.chowdhury757@gmail.com,+917050340486,1968-01-06,Male,True
758,Nicholas,Shanker,nicholas.shanker758@hotmail.com,+919952342924,1989-08-17,Male,True
759,Aarini,Grewal,aarini.grewal759@gmail.com,+918374536171,1946-06-21,Female,True
760,Geetika,Merchant,geetika.merchant760@outlook.com,+917787808459,1984-02-24,Female,True
761,Reyansh,Gill,reyansh.gill761@gmail.com,+918454728281,1987-02-01,Female,True
762,Nidra,Sane,nidra.sane762@gmail.com,+916770278136,1980-07-29,Male,True
763,Falak,Chadha,falak.chadha763@gmail.com,+917721959126,1972-10-14,Male,True
764,Girish,Goyal,girish.goyal764@yahoo.com,+919322275210,1955-01-29,Female,True
765,Vansha,Naik,vansha.naik765@hotmail.com,+916034227351,1962-05-23,Female,True
766,Abeer,Lal,abeer.lal766@yahoo.com,+919176454660,1971-08-12,Male,True
767,Warinder,Sekhon,warinder.sekhon767@hotmail.com,+919318348689,1996-10-20,Male,True
768,Amara,Narayan,amara.narayan768@outlook.com,+916646677686,1966-01-21,Male,True
769,Advay,Lal,advay.lal769@gmail.com,+917000717686,1989-12-29,Female,True
770,Jagvi,Keer,jagvi.keer770@gmail.com,+917438888667,1949-09-27,Male,True
771,Jagat,Shroff,jagat.shroff771@hotmail.com,+919646452930,1966-05-22,Female,True
772,Nathaniel,Ravi,nathaniel.ravi772@outlook.com,+917803095297,1992-03-13,Female,False
773,Yadavi,Mukhopadhyay,yadavi.mukhopadhyay773@outlook.com,+919056524105,1992-06-26,Female,True
774,Jacob,Merchant,jacob.merchant774@outlook.com,+919853820334,1970-07-10,Female,True
775,Timothy,Kanda,timothy.kanda775@yahoo.com,+917969062219,1954-08-07,Male,True
776,Vanya,Dua,vanya.dua776@outlook.com,+918736820502,1976-06-21,Female,True
777,Kashvi,Sagar,kashvi.sagar777@gmail.com,+917868237222,1993-04-11,Male,True
778,Urishilla,Yogi,urishilla.yogi778@yahoo.com,+919654646530,2000-02-01,Female,True
779,Tejas,Kota,tejas.kota779@hotmail.com,+919009593554,1991-10-22,Female,True
780,Finn,Vora,finn.vora780@yahoo.com,+917003352579,1975-11-29,Male,True
781,Janaki,Brahmbhatt,janaki.brahmbhatt781@outlook.com,+919349803836,2007-12-06,Male,True
782,Isaac,Bhatia,isaac.bhatia782@outlook.com,+917930874468,2001-11-28,Female,True
783,Yashasvi,Jain,yashasvi.jain783@gmail.com,+918301778419,1984-06-25,Female,False
784,Mason,Gala,mason.gala784@outlook.com,+917940969078,1967-11-03,Female,True
785,Zinal,Sathe,zinal.sathe785@gmail.com,+916388354759,1953-06-03,Male,True
786,Samesh,Suresh,samesh.suresh786@yahoo.com,+919549303780,1951-09-13,Male,True
787,Yashvi,Sehgal,yashvi.sehgal787@yahoo.com,+916637045876,2000-07-17,Male,True
788,Christopher,Setty,christopher.setty788@yahoo.com,+917701857002,1954-06-28,Male,True
789,Yochana,Sagar,yochana.sagar789@yahoo.com,+919522258053,1976-08-05,Male,True
790,Dalbir,Shere,dalbir.shere790@hotmail.com,+919670484662,1991-04-17,Female,True
791,Darika,Bains,darika.bains791@outlook.com,+916406841968,1972-06-15,Female,True
792,Aachal,Aggarwal,aachal.aggarwal792@outlook.com,+916521637779,1996-04-06,Male,True
793,Tejas,Bora,tejas.bora793@outlook.com,+916561417687,1948-08-04,Male,True
794,Pallavi,Padmanabhan,pallavi.padmanabhan794@yahoo.com,+918947572742,1993-03-04,Male,True
795,Devansh,Bhasin,devansh.bhasin795@yahoo.com,+919940325728,2006-05-12,Male,True
796,Ekapad,Sodhi,ekapad.sodhi796@gmail.com,+916849331223,1947-09-02,Female,True
797,Bhavini,Rege,bhavini.rege797@gmail.com,+919887280261,1957-10-04,Female,True
798,Krishna,Salvi,krishna.salvi798@hotmail.com,+916217487269,1970-12-29,Male,True
799,Lavanya,Sen,lavanya.sen799@hotmail.com,+919529111904,2004-09-08,Female,True
800,Krishna,Prashad,krishna.prashad800@hotmail.com,+918934377138,1950-12-21,Female,True
801,Kiaan,Pall,kiaan.pall801@outlook.com,+919901136913,1953-08-01,Male,True
802,Pranav,Yogi,pranav.yogi802@hotmail.com,+919794276323,1972-04-04,Male,True
803,Joshua,Kapoor,joshua.kapoor803@outlook.com,+918780039555,2002-04-27,Female,True
804,Aarush,Bajaj,aarush.bajaj804@hotmail.com,+916261903104,1965-10-24,Male,True
805,Ubika,Samra,ubika.samra805@outlook.com,+917800599868,1981-09-16,Male,True
806,Ladli,Karpe,ladli.karpe806@outlook.com,+918709069459,1962-05-09,Male,False
807,Triveni,Pal,triveni.pal807@yahoo.com,+918060228976,1956-01-25,Female,True
808,Anya,Gulati,anya.gulati808@yahoo.com,+917668084889,2005-01-25,Female,True
809,Isaiah,Balay,isaiah.balay809@yahoo.com,+918564595211,2000-08-05,Male,True
810,Oni,Babu,oni.babu810@yahoo.com,+916251647421,1961-11-20,Female,True
811,Samuel,Bhavsar,samuel.bhavsar811@outlook.com,+916685583357,1952-05-17,Male,True
812,Bahadurjit,Sekhon,bahadurjit.sekhon812@outlook.com,+917144724751,1986-03-11,Male,True
813,Chanakya,Konda,chanakya.konda813@outlook.com,+918472578783,1995-11-27,Female,True
814,Chaitanya,Ratti,chaitanya.ratti814@outlook.com,+916756345332,1975-05-20,Male,True
815,Vivaan,Zacharia,vivaan.zacharia815@yahoo.com,+919925514210,1960-04-18,Male,True
816,Daksh,Dey,daksh.dey816@yahoo.com,+918438044056,1979-10-20,Male,True
817,Bimala,Kaur,bimala.kaur817@outlook.com,+919593585539,2001-01-09,Female,True
818,Eiravati,Nagi,eiravati.nagi818@outlook.com,+918106408413,1961-08-19,Male,True
819,Chasmum,Dhar,chasmum.dhar819@outlook.com,+918584122005,1990-06-09,Male,True
820,Timothy,Sachdev,timothy.sachdev820@hotmail.com,+916002935589,1965-12-16,Female,True
821,Anvi,Bhat,anvi.bhat821@outlook.com,+919463656690,1983-05-25,Male,True
822,Parth,Sane,parth.sane822@outlook.com,+919946133408,1983-05-03,Female,True
823,Warhi,Batta,warhi.batta823@outlook.com,+918519467229,1968-12-12,Male,True
824,Lakshmi,Vohra,lakshmi.vohra824@yahoo.com,+916311520864,1967-03-15,Female,True
825,Omaja,Rege,omaja.rege825@hotmail.com,+918516922421,1955-08-31,Male,True
826,Charita,Puri,charita.puri826@yahoo.com,+916586055431,1958-01-09,Male,True
827,Urvashi,Khosla,urvashi.khosla827@hotmail.com,+919400937735,2003-04-23,Female,True
828,Umang,Mital,umang.mital828@outlook.com,+919037327498,2003-11-13,Female,True
829,Maanas,Sheth,maanas.sheth829@outlook.com,+917625147377,2007-10-05,Female,True
830,Dalbir,Sachar,dalbir.sachar830@yahoo.com,+916546957087,1973-11-08,Male,True
831,Krish,Rama,krish.rama831@hotmail.com,+919653973312,1962-01-14,Male,True
832,Aadhya,Jani,aadhya.jani832@yahoo.com,+919955829012,1967-12-26,Male,True
833,Farhan,Sengupta,farhan.sengupta833@gmail.com,+918131098613,2003-02-27,Male,True
834,Kamala,Chanda,kamala.chanda834@gmail.com,+917022184735,1981-12-17,Female,False
835,Rayaan,Behl,rayaan.behl835@outlook.com,+918732401365,1963-10-12,Male,True
836,Krishna,Baral,krishna.baral836@yahoo.com,+917918260963,2004-12-16,Male,True
837,Elijah,Guha,elijah.guha837@outlook.com,+918977168607,2000-04-07,Male,True
838,Teerth,Srinivas,teerth.srinivas838@gmail.com,+919094152811,1959-09-22,Male,True
839,Gaurangi,Mitter,gaurangi.mitter839@hotmail.com,+919146426435,2007-05-15,Female,False
840,Alexander,Kakar,alexander.kakar840@hotmail.com,+918117771015,1958-06-11,Female,True
841,Jacob,Srinivas,jacob.srinivas841@hotmail.com,+916435632331,2007-09-27,Female,True
842,Xavier,Jayaraman,xavier.jayaraman842@outlook.com,+916698604397,1972-07-02,Female,True
843,Wriddhish,Nagy,wriddhish.nagy843@gmail.com,+917266622851,1998-04-14,Male,True
844,Barkha,Rai,barkha.rai844@gmail.com,+916318688299,1977-03-28,Female,True
845,Jagrati,Morar,jagrati.morar845@hotmail.com,+916691079537,1963-04-24,Male,True
846,Jagvi,Varghese,jagvi.varghese846@gmail.com,+917451486688,2005-08-02,Female,True
847,Widisha,Shukla,widisha.shukla847@hotmail.com,+918807341727,1952-03-21,Male,True
848,Upasna,Nagarajan,upasna.nagarajan848@hotmail.com,+916674755608,2007-09-24,Male,True
849,Samar,Prabhakar,samar.prabhakar849@outlook.com,+916815976168,1966-10-21,Female,True
850,Odika,Bath,odika.bath850@yahoo.com,+918837246354,1983-10-16,Female,True
851,Timothy,Dhingra,timothy.dhingra851@gmail.com,+916213182609,1946-08-13,Female,True
852,Advika,Sahni,advika.sahni852@hotmail.com,+916659663750,1965-08-07,Male,True
853,Michael,Hayre,michael.hayre853@hotmail.com,+916376360931,1967-12-16,Female,True
854,Victor,Raghavan,victor.raghavan854@hotmail.com,+916857596764,1984-04-14,Male,True
855,Yatan,Tata,yatan.tata855@outlook.com,+918741008001,1982-12-25,Female,False
856,Geetika,Kurian,geetika.kurian856@hotmail.com,+919623960580,1997-06-16,Male,True
857,Vrinda,Swaminathan,vrinda.swaminathan857@hotmail.com,+918022691021,1976-11-13,Female,True
858,Om,Pandey,om.pandey858@yahoo.com,+916391429896,1957-01-11,Female,True
859,Logan,Suresh,logan.suresh859@hotmail.com,+917586568081,1958-01-13,Male,True
860,Daniel,Viswanathan,daniel.viswanathan860@yahoo.com,+917888670721,1947-10-24,Female,True
861,Falan,Bava,falan.bava861@yahoo.com,+918423420650,1997-07-10,Male,True
862,Abeer,Sachar,abeer.sachar862@gmail.com,+916368110105,1954-11-13,Female,True
863,Vihaan,Bir,vihaan.bir863@hotmail.com,+919248957571,1993-08-19,Male,True
864,Matthew,Andra,matthew.andra864@hotmail.com,+919515023631,1960-05-24,Female,False
865,Yashasvi,Shah,yashasvi.shah865@hotmail.com,+918459789133,1970-11-27,Male,True
866,Darpan,Subramanian,darpan.subramanian866@gmail.com,+917695671834,1990-05-17,Male,True
867,Vinaya,Babu,vinaya.babu867@outlook.com,+916516606697,1945-12-17,Female,True
868,Nisha,Arora,nisha.arora868@outlook.com,+916910061300,1946-08-25,Male,True
869,Anvi,Wason,anvi.wason869@hotmail.com,+916336590217,1965-01-07,Female,True
870,Anay,Thakkar,anay.thakkar870@outlook.com,+919582467100,2000-11-05,Female,True
871,Qushi,Gola,qushi.gola871@gmail.com,+916373780031,1952-10-16,Female,True
872,Gopal,Viswanathan,gopal.viswanathan872@yahoo.com,+919679172843,1955-08-23,Female,True
873,Wridesh,Handa,wridesh.handa873@gmail.com,+919378209272,1987-09-08,Female,True
874,Zayyan,Pandya,zayyan.pandya874@outlook.com,+916636513034,1963-09-14,Male,True
875,Mekhala,Brar,mekhala.brar875@gmail.com,+919374751777,1970-11-24,Female,True
876,Nidra,Sharaf,nidra.sharaf876@yahoo.com,+919770524142,1983-12-17,Female,True
877,Yagnesh,Kara,yagnesh.kara877@hotmail.com,+918456821088,1965-12-03,Female,True
878,Faris,Balay,faris.balay878@yahoo.com,+917730759996,1951-11-15,Male,True
879,Nidra,Raghavan,nidra.raghavan879@hotmail.com,+916166569717,1971-03-06,Female,True
880,Vamakshi,Bhalla,vamakshi.bhalla880@yahoo.com,+918965734008,1988-11-03,Male,True
881,Aditya,Garg,aditya.garg881@hotmail.com,+919954956131,1951-02-20,Female,True
882,Xalak,Saraf,xalak.saraf882@gmail.com,+917451123758,1989-05-25,Female,True
883,Garima,Chandran,garima.chandran883@hotmail.com,+919686090309,2006-05-27,Male,False
884,Brijesh,Karpe,brijesh.karpe884@outlook.com,+916577181411,1959-11-24,Female,False
885,Vaishnavi,Madan,vaishnavi.madan885@hotmail.com,+919324437391,1948-09-05,Female,True
886,Falan,Mand,falan.mand886@hotmail.com,+918598365569,2006-09-16,Male,True
887,Bachittar,Gola,bachittar.gola887@outlook.com,+919923164030,2003-05-20,Female,True
888,Divya,Babu,divya.babu888@yahoo.com,+919526242854,1959-08-10,Male,True
889,Maanas,Rao,maanas.rao889@outlook.com,+916281822724,1950-09-30,Female,True
890,Chandani,Gaba,chandani.gaba890@hotmail.com,+916582611532,1983-11-21,Male,True
891,Wridesh,Ramachandran,wridesh.ramachandran891@outlook.com,+919594787485,1991-08-01,Male,True
892,Garima,Rajagopalan,garima.rajagopalan892@hotmail.com,+916217150457,1996-12-05,Female,True
893,Logan,Brar,logan.brar893@yahoo.com,+917582059473,1979-08-04,Female,True
894,Hiral,Bera,hiral.bera894@gmail.com,+918925621610,1952-02-27,Male,True
895,Rajeshri,Kata,rajeshri.kata895@hotmail.com,+918551397793,2002-08-01,Female,True
896,Faqid,Oak,faqid.oak896@hotmail.com,+918520631487,1986-09-10,Female,True
897,Mekhala,Narain,mekhala.narain897@yahoo.com,+919216763571,1947-07-12,Male,True
898,Anjali,Seshadri,anjali.seshadri898@hotmail.com,+916213249628,1978-11-24,Male,True
899,Vedant,Parekh,vedant.parekh899@outlook.com,+919681264539,1983-02-22,Male,True
900,Keya,Sankaran,keya.sankaran900@outlook.com,+917155705163,1958-02-24,Female,True
901,Lajita,Chada,lajita.chada901@gmail.com,+918036231979,1998-01-21,Male,True
902,Chakrika,Koshy,chakrika.koshy902@gmail.com,+916961084962,1994-01-14,Female,True
903,Ethan,Butala,ethan.butala903@yahoo.com,+919061197085,1963-09-30,Female,True
904,Mitesh,Rai,mitesh.rai904@hotmail.com,+919657534761,1993-12-09,Female,True
905,Mitesh,Ramachandran,mitesh.ramachandran905@outlook.com,+918004452735,1967-01-23,Female,True
906,Jalsa,Chhabra,jalsa.chhabra906@hotmail.com,+918510353238,1951-09-27,Male,True
907,Abdul,Morar,abdul.morar907@yahoo.com,+918411439945,1975-10-10,Female,True
908,Jagvi,Madan,jagvi.madan908@gmail.com,+918069050782,1952-06-19,Male,True
909,Kevin,Chahal,kevin.chahal909@yahoo.com,+918751333497,1958-04-06,Female,True
910,Raagini,Sen,raagini.sen910@yahoo.com,+918818012241,1983-05-31,Female,True
911,Yauvani,Reddy,yauvani.reddy911@outlook.com,+919864126433,1952-07-16,Male,True
912,Atharv,Chakraborty,atharv.chakraborty912@hotmail.com,+918836956156,1969-08-05,Female,True
913,Girik,Nair,girik.nair913@gmail.com,+918814924004,2004-04-14,Female,False
914,Lekha,Arora,lekha.arora914@yahoo.com,+919895155510,1965-05-15,Female,True
915,Odika,Rama,odika.rama915@gmail.com,+918504067741,1998-07-14,Male,True
916,Frado,Kibe,frado.kibe916@outlook.com,+918947713853,1984-06-07,Female,True
917,Omkaar,Rai,omkaar.rai917@yahoo.com,+918178900724,1957-01-16,Female,True
918,Liam,Luthra,liam.luthra918@outlook.com,+917261792922,1966-01-01,Male,True
919,Amrita,Tailor,amrita.tailor919@yahoo.com,+919114652880,1955-06-11,Male,True
920,Dev,Ganesh,dev.ganesh920@yahoo.com,+918810775408,1975-02-02,Male,True
921,Anya,Sama,anya.sama921@outlook.com,+919196357282,1965-11-28,Female,True
922,Veda,Bose,veda.bose922@yahoo.com,+917596363878,1970-01-31,Female,True
923,Zayan,Koshy,zayan.koshy923@hotmail.com,+919655935832,1994-07-27,Male,True
924,Warhi,Hayre,warhi.hayre924@gmail.com,+918028168087,1976-09-01,Male,True
925,Hredhaan,Deshmukh,hredhaan.deshmukh925@hotmail.com,+918275639056,1966-03-30,Female,True
926,Abeer,Randhawa,abeer.randhawa926@outlook.com,+916589979266,1968-02-13,Male,True
927,Lajita,Narayan,lajita.narayan927@hotmail.com,+916615143045,1975-06-20,Female,True
928,Gaurika,Sani,gaurika.sani928@outlook.com,+919345526911,2001-01-01,Male,True
929,Laban,Mital,laban.mital929@outlook.com,+917346103176,1967-05-02,Male,True
930,Sai,Srinivas,sai.srinivas930@yahoo.com,+916899290419,1966-11-22,Male,True
931,Peter,Rao,peter.rao931@outlook.com,+918102717570,1967-03-25,Male,True
932,Bishakha,Swaminathan,bishakha.swaminathan932@hotmail.com,+918720808271,1984-09-12,Female,True
933,Xavier,Nanda,xavier.nanda933@hotmail.com,+917646331504,1971-02-06,Male,True
934,Avni,Ramaswamy,avni.ramaswamy934@outlook.com,+919138156825,1970-05-08,Female,False
935,Ishaan,Iyengar,ishaan.iyengar935@yahoo.com,+919250636259,1985-10-23,Male,True
936,Pranit,Bala,pranit.bala936@gmail.com,+918691599845,1994-12-30,Male,True
937,Triya,Kadakia,triya.kadakia937@yahoo.com,+917340426053,1975-05-07,Male,True
938,Bishakha,Biswas,bishakha.biswas938@yahoo.com,+916717346250,2001-03-29,Male,True
939,Nilima,Tata,nilima.tata939@yahoo.com,+917249095871,1954-12-25,Female,True
940,Chavvi,Khurana,chavvi.khurana940@yahoo.com,+917862577974,1962-09-15,Male,True
941,Mitesh,Sampath,mitesh.sampath941@hotmail.com,+917542970785,1999-03-17,Male,True
942,Krishna,Borah,krishna.borah942@hotmail.com,+916082140117,1976-01-26,Male,True
943,Varenya,Rattan,varenya.rattan943@outlook.com,+916907055132,1981-11-15,Male,True
944,Yashawini,Sahota,yashawini.sahota944@outlook.com,+916528976690,1982-07-04,Female,True
945,Balhaar,Parsa,balhaar.parsa945@gmail.com,+917611439217,1993-04-04,Female,True
946,Frederick,Chopra,frederick.chopra946@gmail.com,+918550884435,1997-11-02,Male,True
947,Yuvraj,Pant,yuvraj.pant947@gmail.com,+916207167992,1956-10-30,Male,True
948,Chaitanya,Ratta,chaitanya.ratta948@hotmail.com,+916530836767,1996-09-24,Female,True
949,Garima,Sani,garima.sani949@outlook.com,+916882593929,1952-09-20,Male,True
950,Advaith,Chaudhari,advaith.chaudhari950@gmail.com,+918845342687,1963-02-12,Female,True
951,Tristan,Uppal,tristan.uppal951@outlook.com,+917798842890,1996-05-02,Male,True
952,Zilmil,Kant,zilmil.kant952@gmail.com,+917214216328,1975-11-05,Male,True
953,Kavya,Raman,kavya.raman953@hotmail.com,+916853180912,1977-01-08,Male,True
954,Xiti,Dora,xiti.dora954@outlook.com,+917537262560,1968-12-26,Female,True
955,Aryan,Subramanian,aryan.subramanian955@gmail.com,+918354238065,1952-08-16,Female,True
956,Chakrika,Sagar,chakrika.sagar956@hotmail.com,+917419931729,2008-02-26,Male,True
957,Frederick,D’Alia,frederick.d’alia957@gmail.com,+919895020135,2002-01-30,Male,True
958,Lucky,Pall,lucky.pall958@hotmail.com,+916640570713,1966-09-26,Male,True
959,Hemal,Shah,hemal.shah959@gmail.com,+919107682060,1998-11-18,Male,True
960,Samuel,Verma,samuel.verma960@outlook.com,+917961731598,1978-05-17,Female,True
961,Ijaya,Soni,ijaya.soni961@gmail.com,+916428676004,1952-02-26,Male,True
962,Raksha,Sethi,raksha.sethi962@yahoo.com,+917547110201,1967-03-19,Female,True
963,Ekalinga,Mital,ekalinga.mital963@gmail.com,+916408015311,1948-07-20,Male,True
964,Ishwar,Bajaj,ishwar.bajaj964@outlook.com,+918849088142,2003-04-19,Male,True
965,Hemal,Chopra,hemal.chopra965@hotmail.com,+918670640892,1991-08-04,Female,True
966,Nitesh,Kohli,nitesh.kohli966@gmail.com,+917600399955,1980-08-16,Female,True
967,Owen,Dutta,owen.dutta967@hotmail.com,+917719061621,1968-01-13,Female,True
968,Pooja,Shere,pooja.shere968@hotmail.com,+918963108379,1961-04-15,Female,True
969,Nidhi,Gour,nidhi.gour969@outlook.com,+916485574228,1958-03-12,Male,True
970,Rachana,Randhawa,rachana.randhawa970@gmail.com,+919626454979,1947-07-01,Male,True
971,Rudra,Sengupta,rudra.sengupta971@hotmail.com,+919445701000,1985-10-23,Female,True
972,Pushti,Ramachandran,pushti.ramachandran972@hotmail.com,+919346485166,1945-10-24,Female,True
973,Tanish,Jha,tanish.jha973@outlook.com,+918074811306,1964-06-14,Female,True
974,Dev,Chaudry,dev.chaudry974@hotmail.com,+917892740043,1999-12-01,Male,True
975,Rachit,Pau,rachit.pau975@yahoo.com,+916053086688,1967-09-11,Male,False
976,Ronith,Shankar,ronith.shankar976@yahoo.com,+918229516148,1953-04-07,Male,True
977,Adweta,Suri,adweta.suri977@outlook.com,+918069872193,1981-06-03,Female,True
978,Dhriti,Rama,dhriti.rama978@hotmail.com,+916638465996,1987-02-10,Male,True
979,Manya,Comar,manya.comar979@outlook.com,+918171396180,1969-03-09,Female,True
980,Indira,Shankar,indira.shankar980@outlook.com,+916321543768,1987-07-10,Female,True
981,Orinder,Mishra,orinder.mishra981@yahoo.com,+917194675791,2008-01-10,Male,True
982,Frado,Desai,frado.desai982@hotmail.com,+917732061472,1966-10-28,Male,True
983,Jacob,Khare,jacob.khare983@hotmail.com,+919441391011,1966-04-17,Female,True
984,Jackson,Goswami,jackson.goswami984@hotmail.com,+917920142971,1970-11-30,Female,True
985,Lohit,Vaidya,lohit.vaidya985@hotmail.com,+919200776977,1971-12-12,Male,True
986,Omya,Devi,omya.devi986@hotmail.com,+916153896961,1984-08-16,Male,True
987,Leela,Sampath,leela.sampath987@yahoo.com,+919822997184,1958-02-24,Male,True
988,Vidhi,Yogi,vidhi.yogi988@hotmail.com,+917463957634,1992-09-12,Female,True
989,Oscar,Ganesan,oscar.ganesan989@outlook.com,+919626315792,1978-10-31,Female,True
990,Bhavya,Dey,bhavya.dey990@hotmail.com,+919078022953,1958-03-30,Female,True
991,Divya,Seshadri,divya.seshadri991@gmail.com,+916418488804,1987-08-30,Male,True
992,Chatresh,Parmer,chatresh.parmer992@yahoo.com,+919564324148,1946-03-01,Female,True
993,Vedhika,Deshpande,vedhika.deshpande993@yahoo.com,+919015479599,1958-10-15,Male,True
994,Leena,Tiwari,leena.tiwari994@outlook.com,+918114937010,1989-12-14,Male,True
995,Warda,Rege,warda.rege995@hotmail.com,+916459396179,1992-02-08,Female,True
996,Vyanjana,Sagar,vyanjana.sagar996@outlook.com,+916518599264,1993-11-01,Female,True
997,Sachi,Suresh,sachi.suresh997@outlook.com,+919078580665,1956-11-22,Female,True
998,Fitan,Balasubramanian,fitan.balasubramanian998@hotmail.com,+916199717518,1999-09-02,Male,True
999,Thomas,Master,thomas.master999@hotmail.com,+917964465977,1947-09-26,Male,False
1000,Anvi,Kar,anvi.kar1000@gmail.com,+918277897510,1982-02-04,Male,True
